run_timestamp,request_id,request_ts,left_received,right_received,left_glove_time_ms,left_read_time,left_palm_ax_prox,left_palm_ay_prox,left_palm_az_prox,left_palm_yaw_prox,left_palm_pitch_prox,left_palm_roll_prox,left_palm_flex_mcp,left_palm_flex_pip,left_palm_ax_mid,left_palm_ay_mid,left_palm_az_mid,left_palm_yaw_mid,left_palm_pitch_mid,left_palm_roll_mid,left_thumb_ax_prox,left_thumb_ay_prox,left_thumb_az_prox,left_thumb_yaw_prox,left_thumb_pitch_prox,left_thumb_roll_prox,left_thumb_flex_mcp,left_thumb_flex_pip,left_thumb_ax_mid,left_thumb_ay_mid,left_thumb_az_mid,left_thumb_yaw_mid,left_thumb_pitch_mid,left_thumb_roll_mid,left_index_ax_prox,left_index_ay_prox,left_index_az_prox,left_index_yaw_prox,left_index_pitch_prox,left_index_roll_prox,left_index_flex_mcp,left_index_flex_pip,left_index_ax_mid,left_index_ay_mid,left_index_az_mid,left_index_yaw_mid,left_index_pitch_mid,left_index_roll_mid,left_middle_ax_prox,left_middle_ay_prox,left_middle_az_prox,left_middle_yaw_prox,left_middle_pitch_prox,left_middle_roll_prox,left_middle_flex_mcp,left_middle_flex_pip,left_middle_ax_mid,left_middle_ay_mid,left_middle_az_mid,left_middle_yaw_mid,left_middle_pitch_mid,left_middle_roll_mid,left_ring_ax_prox,left_ring_ay_prox,left_ring_az_prox,left_ring_yaw_prox,left_ring_pitch_prox,left_ring_roll_prox,left_ring_flex_mcp,left_ring_flex_pip,left_ring_ax_mid,left_ring_ay_mid,left_ring_az_mid,left_ring_yaw_mid,left_ring_pitch_mid,left_ring_roll_mid,left_pinky_ax_prox,left_pinky_ay_prox,left_pinky_az_prox,left_pinky_yaw_prox,left_pinky_pitch_prox,left_pinky_roll_prox,left_pinky_flex_mcp,left_pinky_flex_pip,left_pinky_ax_mid,left_pinky_ay_mid,left_pinky_az_mid,left_pinky_yaw_mid,left_pinky_pitch_mid,left_pinky_roll_mid,left_wrist_ax_prox,left_wrist_ay_prox,left_wrist_az_prox,left_wrist_yaw_prox,left_wrist_pitch_prox,left_wrist_roll_prox,left_wrist_flex_mcp,left_wrist_flex_pip,left_wrist_ax_mid,left_wrist_ay_mid,left_wrist_az_mid,left_wrist_yaw_mid,left_wrist_pitch_mid,left_wrist_roll_mid,right_glove_time_ms,right_read_time,right_palm_ax_prox,right_palm_ay_prox,right_palm_az_prox,right_palm_yaw_prox,right_palm_pitch_prox,right_palm_roll_prox,right_palm_flex_mcp,right_palm_flex_pip,right_palm_ax_mid,right_palm_ay_mid,right_palm_az_mid,right_palm_yaw_mid,right_palm_pitch_mid,right_palm_roll_mid,right_thumb_ax_prox,right_thumb_ay_prox,right_thumb_az_prox,right_thumb_yaw_prox,right_thumb_pitch_prox,right_thumb_roll_prox,right_thumb_flex_mcp,right_thumb_flex_pip,right_thumb_ax_mid,right_thumb_ay_mid,right_thumb_az_mid,right_thumb_yaw_mid,right_thumb_pitch_mid,right_thumb_roll_mid,right_index_ax_prox,right_index_ay_prox,right_index_az_prox,right_index_yaw_prox,right_index_pitch_prox,right_index_roll_prox,right_index_flex_mcp,right_index_flex_pip,right_index_ax_mid,right_index_ay_mid,right_index_az_mid,right_index_yaw_mid,right_index_pitch_mid,right_index_roll_mid,right_middle_ax_prox,right_middle_ay_prox,right_middle_az_prox,right_middle_yaw_prox,right_middle_pitch_prox,right_middle_roll_prox,right_middle_flex_mcp,right_middle_flex_pip,right_middle_ax_mid,right_middle_ay_mid,right_middle_az_mid,right_middle_yaw_mid,right_middle_pitch_mid,right_middle_roll_mid,right_ring_ax_prox,right_ring_ay_prox,right_ring_az_prox,right_ring_yaw_prox,right_ring_pitch_prox,right_ring_roll_prox,right_ring_flex_mcp,right_ring_flex_pip,right_ring_ax_mid,right_ring_ay_mid,right_ring_az_mid,right_ring_yaw_mid,right_ring_pitch_mid,right_ring_roll_mid,right_pinky_ax_prox,right_pinky_ay_prox,right_pinky_az_prox,right_pinky_yaw_prox,right_pinky_pitch_prox,right_pinky_roll_prox,right_pinky_flex_mcp,right_pinky_flex_pip,right_pinky_ax_mid,right_pinky_ay_mid,right_pinky_az_mid,right_pinky_yaw_mid,right_pinky_pitch_mid,right_pinky_roll_mid,right_wrist_ax_prox,right_wrist_ay_prox,right_wrist_az_prox,right_wrist_yaw_prox,right_wrist_pitch_prox,right_wrist_roll_prox,right_wrist_flex_mcp,right_wrist_flex_pip,right_wrist_ax_mid,right_wrist_ay_mid,right_wrist_az_mid,right_wrist_yaw_mid,right_wrist_pitch_mid,right_wrist_roll_mid
2026-04-11 21:43:43,1,2026-04-11T11:43:50.840Z,True,True,379948.0,2026-04-11 21:43:51.165,,,,,,,-1.0,-1.0,,,,,,,,,,,,,2136.0,2023.0,,,,,,,,,,,,,1062.0,2141.0,,,,,,,,,,,,,0.0,2055.0,,,,,,,,,,,,,2207.0,2087.0,,,,,,,,,,,,,1541.0,1621.0,,,,,,,,,,,,,-1.0,-1.0,,,,,,,122810.0,2026-04-11 21:43:51.166,,,,,,,-1.0,-1.0,,,,,,,,,,,,,3245.0,3955.0,,,,,,,,,,,,,3959.0,3540.0,,,,,,,,,,,,,2735.0,2963.0,,,,,,,,,,,,,3014.0,3084.0,,,,,,,,,,,,,2878.0,2045.0,,,,,,,,,,,,,-1.0,-1.0,,,,,,
2026-04-11 21:43:43,2,2026-04-11T11:43:50.890Z,True,True,380154.0,2026-04-11 21:43:51.182,,,,,,,-1.0,-1.0,,,,,,,,,,,,,2141.0,2022.0,,,,,,,,,,,,,1063.0,2147.0,,,,,,,,,,,,,0.0,2067.0,,,,,,,,,,,,,2211.0,2183.0,,,,,,,,,,,,,1462.0,1547.0,,,,,,,,,,,,,-1.0,-1.0,,,,,,,123019.0,2026-04-11 21:43:51.188,,,,,,,-1.0,-1.0,,,,,,,,,,,,,3113.0,3961.0,,,,,,,,,,,,,3957.0,3548.0,,,,,,,,,,,,,2687.0,3114.0,,,,,,,,,,,,,3147.0,3231.0,,,,,,,,,,,,,2990.0,2059.0,,,,,,,,,,,,,-1.0,-1.0,,,,,,
2026-04-11 21:43:43,3,2026-04-11T11:43:50.941Z,True,True,380162.0,2026-04-11 21:43:51.196,,,,,,,-1.0,-1.0,,,,,,,,,,,,,2137.0,2018.0,,,,,,,,,,,,,1063.0,2143.0,,,,,,,,,,,,,0.0,2061.0,,,,,,,,,,,,,2211.0,2146.0,,,,,,,,,,,,,1496.0,1571.0,,,,,,,,,,,,,-1.0,-1.0,,,,,,,123026.0,2026-04-11 21:43:51.203,,,,,,,-1.0,-1.0,,,,,,,,,,,,,3130.0,3957.0,,,,,,,,,,,,,3967.0,3549.0,,,,,,,,,,,,,2639.0,3119.0,,,,,,,,,,,,,3131.0,3230.0,,,,,,,,,,,,,2984.0,1981.0,,,,,,,,,,,,,-1.0,-1.0,,,,,,
2026-04-11 21:43:43,4,2026-04-11T11:43:50.991Z,True,True,380170.0,2026-04-11 21:43:51.205,,,,,,,-1.0,-1.0,,,,,,,,,,,,,2139.0,2023.0,,,,,,,,,,,,,1065.0,2146.0,,,,,,,,,,,,,0.0,2063.0,,,,,,,,,,,,,2212.0,2163.0,,,,,,,,,,,,,1481.0,1565.0,,,,,,,,,,,,,-1.0,-1.0,,,,,,,123034.0,2026-04-11 21:43:51.212,,,,,,,-1.0,-1.0,,,,,,,,,,,,,3081.0,4007.0,,,,,,,,,,,,,4007.0,3671.0,,,,,,,,,,,,,2015.0,3101.0,,,,,,,,,,,,,3133.0,3218.0,,,,,,,,,,,,,3015.0,2068.0,,,,,,,,,,,,,-1.0,-1.0,,,,,,
2026-04-11 21:43:43,5,2026-04-11T11:43:51.041Z,True,True,380186.0,2026-04-11 21:43:51.213,,,,,,,-1.0,-1.0,,,,,,,,,,,,,2137.0,2021.0,,,,,,,,,,,,,1060.0,2141.0,,,,,,,,,,,,,0.0,2066.0,,,,,,,,,,,,,2212.0,2159.0,,,,,,,,,,,,,1478.0,1557.0,,,,,,,,,,,,,-1.0,-1.0,,,,,,,123050.0,2026-04-11 21:43:51.217,,,,,,,-1.0,-1.0,,,,,,,,,,,,,3035.0,3965.0,,,,,,,,,,,,,3965.0,3555.0,,,,,,,,,,,,,2713.0,3183.0,,,,,,,,,,,,,3220.0,3318.0,,,,,,,,,,,,,3051.0,2055.0,,,,,,,,,,,,,-1.0,-1.0,,,,,,
2026-04-11 21:43:43,6,2026-04-11T11:43:51.092Z,True,True,380194.0,2026-04-11 21:43:51.219,,,,,,,-1.0,-1.0,,,,,,,,,,,,,2137.0,2020.0,,,,,,,,,,,,,1063.0,2147.0,,,,,,,,,,,,,0.0,2063.0,,,,,,,,,,,,,2211.0,2157.0,,,,,,,,,,,,,1482.0,1561.0,,,,,,,,,,,,,-1.0,-1.0,,,,,,,123058.0,2026-04-11 21:43:51.234,,,,,,,-1.0,-1.0,,,,,,,,,,,,,3255.0,4043.0,,,,,,,,,,,,,3982.0,3549.0,,,,,,,,,,,,,2671.0,3181.0,,,,,,,,,,,,,3213.0,3309.0,,,,,,,,,,,,,3017.0,2057.0,,,,,,,,,,,,,-1.0,-1.0,,,,,,
2026-04-11 21:43:43,7,2026-04-11T11:43:51.142Z,True,True,380202.0,2026-04-11 21:43:51.233,,,,,,,-1.0,-1.0,,,,,,,,,,,,,2139.0,2023.0,,,,,,,,,,,,,1035.0,2099.0,,,,,,,,,,,,,0.0,2011.0,,,,,,,,,,,,,2220.0,2147.0,,,,,,,,,,,,,1493.0,1563.0,,,,,,,,,,,,,-1.0,-1.0,,,,,,,123066.0,2026-04-11 21:43:51.234,,,,,,,-1.0,-1.0,,,,,,,,,,,,,3147.0,3964.0,,,,,,,,,,,,,4004.0,3556.0,,,,,,,,,,,,,2635.0,3173.0,,,,,,,,,,,,,3193.0,3294.0,,,,,,,,,,,,,3031.0,2055.0,,,,,,,,,,,,,-1.0,-1.0,,,,,,
2026-04-11 21:43:43,8,2026-04-11T11:43:51.192Z,True,True,380210.0,2026-04-11 21:43:51.250,,,,,,,-1.0,-1.0,,,,,,,,,,,,,2138.0,2019.0,,,,,,,,,,,,,1063.0,2140.0,,,,,,,,,,,,,0.0,2061.0,,,,,,,,,,,,,2211.0,2140.0,,,,,,,,,,,,,1496.0,1565.0,,,,,,,,,,,,,-1.0,-1.0,,,,,,,123074.0,2026-04-11 21:43:51.245,,,,,,,-1.0,-1.0,,,,,,,,,,,,,3144.0,3963.0,,,,,,,,,,,,,3963.0,3612.0,,,,,,,,,,,,,2637.0,3159.0,,,,,,,,,,,,,3187.0,3281.0,,,,,,,,,,,,,3027.0,2054.0,,,,,,,,,,,,,-1.0,-1.0,,,,,,
2026-04-11 21:43:43,9,2026-04-11T11:43:51.243Z,True,True,380239.0,2026-04-11 21:43:51.268,,,,,,,-1.0,-1.0,,,,,,,,,,,,,2138.0,2019.0,,,,,,,,,,,,,1063.0,2147.0,,,,,,,,,,,,,0.0,2066.0,,,,,,,,,,,,,2212.0,2153.0,,,,,,,,,,,,,1462.0,1563.0,,,,,,,,,,,,,-1.0,-1.0,,,,,,,123101.0,2026-04-11 21:43:51.268,,,,,,,-1.0,-1.0,,,,,,,,,,,,,3097.0,3973.0,,,,,,,,,,,,,3977.0,3683.0,,,,,,,,,,,,,2059.0,3151.0,,,,,,,,,,,,,3187.0,3275.0,,,,,,,,,,,,,3021.0,2057.0,,,,,,,,,,,,,-1.0,-1.0,,,,,,
2026-04-11 21:43:43,10,2026-04-11T11:43:51.293Z,True,True,380287.0,2026-04-11 21:43:51.359,,,,,,,-1.0,-1.0,,,,,,,,,,,,,2137.0,2019.0,,,,,,,,,,,,,1063.0,2147.0,,,,,,,,,,,,,0.0,2066.0,,,,,,,,,,,,,2211.0,2293.0,,,,,,,,,,,,,1364.0,1451.0,,,,,,,,,,,,,-1.0,-1.0,,,,,,,123149.0,2026-04-11 21:43:51.361,,,,,,,-1.0,-1.0,,,,,,,,,,,,,3170.0,3959.0,,,,,,,,,,,,,4013.0,3725.0,,,,,,,,,,,,,2055.0,3144.0,,,,,,,,,,,,,3178.0,3282.0,,,,,,,,,,,,,3017.0,2059.0,,,,,,,,,,,,,-1.0,-1.0,,,,,,
2026-04-11 21:43:43,11,2026-04-11T11:43:51.343Z,True,True,380343.0,2026-04-11 21:43:51.375,,,,,,,-1.0,-1.0,,,,,,,,,,,,,2141.0,2020.0,,,,,,,,,,,,,1063.0,2148.0,,,,,,,,,,,,,0.0,2066.0,,,,,,,,,,,,,2206.0,1917.0,,,,,,,,,,,,,1699.0,1749.0,,,,,,,,,,,,,-1.0,-1.0,,,,,,,123205.0,2026-04-11 21:43:51.374,,,,,,,-1.0,-1.0,,,,,,,,,,,,,3215.0,3945.0,,,,,,,,,,,,,3956.0,3526.0,,,,,,,,,,,,,2847.0,3135.0,,,,,,,,,,,,,3160.0,3227.0,,,,,,,,,,,,,3005.0,2057.0,,,,,,,,,,,,,-1.0,-1.0,,,,,,
2026-04-11 21:43:43,12,2026-04-11T11:43:51.394Z,True,True,380388.0,2026-04-11 21:43:51.458,,,,,,,-1.0,-1.0,,,,,,,,,,,,,2139.0,2019.0,,,,,,,,,,,,,1062.0,2148.0,,,,,,,,,,,,,0.0,2069.0,,,,,,,,,,,,,2208.0,1927.0,,,,,,,,,,,,,1691.0,1744.0,,,,,,,,,,,,,-1.0,-1.0,,,,,,,123250.0,2026-04-11 21:43:51.457,,,,,,,-1.0,-1.0,,,,,,,,,,,,,3192.0,3951.0,,,,,,,,,,,,,3960.0,3455.0,,,,,,,,,,,,,2837.0,3125.0,,,,,,,,,,,,,3191.0,3285.0,,,,,,,,,,,,,3027.0,2063.0,,,,,,,,,,,,,-1.0,-1.0,,,,,,
2026-04-11 21:43:43,13,2026-04-11T11:43:51.444Z,True,True,380445.0,2026-04-11 21:43:51.471,,,,,,,-1.0,-1.0,,,,,,,,,,,,,2141.0,2024.0,,,,,,,,,,,,,1065.0,2143.0,,,,,,,,,,,,,0.0,2067.0,,,,,,,,,,,,,2207.0,1943.0,,,,,,,,,,,,,1675.0,1733.0,,,,,,,,,,,,,-1.0,-1.0,,,,,,,123308.0,2026-04-11 21:43:51.474,,,,,,,-1.0,-1.0,,,,,,,,,,,,,3173.0,3956.0,,,,,,,,,,,,,3963.0,3525.0,,,,,,,,,,,,,2813.0,3144.0,,,,,,,,,,,,,3177.0,3253.0,,,,,,,,,,,,,2992.0,2063.0,,,,,,,,,,,,,-1.0,-1.0,,,,,,
2026-04-11 21:43:43,14,2026-04-11T11:43:51.495Z,True,True,380489.0,2026-04-11 21:43:51.667,,,,,,,-1.0,-1.0,,,,,,,,,,,,,2141.0,2024.0,,,,,,,,,,,,,1063.0,2141.0,,,,,,,,,,,,,0.0,2067.0,,,,,,,,,,,,,2211.0,1949.0,,,,,,,,,,,,,1663.0,1719.0,,,,,,,,,,,,,-1.0,-1.0,,,,,,,123352.0,2026-04-11 21:43:51.557,,,,,,,-1.0,-1.0,,,,,,,,,,,,,3208.0,3959.0,,,,,,,,,,,,,3956.0,3527.0,,,,,,,,,,,,,2815.0,3160.0,,,,,,,,,,,,,3187.0,3282.0,,,,,,,,,,,,,3025.0,2059.0,,,,,,,,,,,,,-1.0,-1.0,,,,,,
2026-04-11 21:43:43,15,2026-04-11T11:43:51.545Z,True,True,380656.0,2026-04-11 21:43:51.684,,,,,,,-1.0,-1.0,,,,,,,,,,,,,2139.0,2023.0,,,,,,,,,,,,,1063.0,2147.0,,,,,,,,,,,,,0.0,2067.0,,,,,,,,,,,,,2211.0,1939.0,,,,,,,,,,,,,1685.0,1735.0,,,,,,,,,,,,,-1.0,-1.0,,,,,,,123409.0,2026-04-11 21:43:51.573,,,,,,,-1.0,-1.0,,,,,,,,,,,,,3209.0,3957.0,,,,,,,,,,,,,3957.0,3528.0,,,,,,,,,,,,,2814.0,3149.0,,,,,,,,,,,,,3182.0,3274.0,,,,,,,,,,,,,3023.0,2057.0,,,,,,,,,,,,,-1.0,-1.0,,,,,,
2026-04-11 21:43:43,16,2026-04-11T11:43:51.596Z,True,True,380664.0,2026-04-11 21:43:51.688,,,,,,,-1.0,-1.0,,,,,,,,,,,,,2135.0,2021.0,,,,,,,,,,,,,1063.0,2151.0,,,,,,,,,,,,,0.0,2067.0,,,,,,,,,,,,,2207.0,1939.0,,,,,,,,,,,,,1683.0,1735.0,,,,,,,,,,,,,-1.0,-1.0,,,,,,,123453.0,2026-04-11 21:43:52.077,,,,,,,-1.0,-1.0,,,,,,,,,,,,,3183.0,3925.0,,,,,,,,,,,,,3959.0,3528.0,,,,,,,,,,,,,2803.0,3161.0,,,,,,,,,,,,,3192.0,3285.0,,,,,,,,,,,,,3015.0,2059.0,,,,,,,,,,,,,-1.0,-1.0,,,,,,
2026-04-11 21:43:43,17,2026-04-11T11:43:51.646Z,True,True,380673.0,2026-04-11 21:43:51.699,,,,,,,-1.0,-1.0,,,,,,,,,,,,,2137.0,2019.0,,,,,,,,,,,,,1065.0,2143.0,,,,,,,,,,,,,0.0,2067.0,,,,,,,,,,,,,2207.0,1939.0,,,,,,,,,,,,,1684.0,1727.0,,,,,,,,,,,,,-1.0,-1.0,,,,,,,123928.0,2026-04-11 21:43:52.097,,,,,,,-1.0,-1.0,,,,,,,,,,,,,3112.0,3967.0,,,,,,,,,,,,,3964.0,3545.0,,,,,,,,,,,,,2724.0,3143.0,,,,,,,,,,,,,3175.0,3271.0,,,,,,,,,,,,,3015.0,2057.0,,,,,,,,,,,,,-1.0,-1.0,,,,,,
2026-04-11 21:43:43,18,2026-04-11T11:43:51.697Z,True,True,380693.0,2026-04-11 21:43:51.716,,,,,,,-1.0,-1.0,,,,,,,,,,,,,2139.0,2019.0,,,,,,,,,,,,,1063.0,2149.0,,,,,,,,,,,,,0.0,2067.0,,,,,,,,,,,,,2212.0,1934.0,,,,,,,,,,,,,1683.0,1735.0,,,,,,,,,,,,,-1.0,-1.0,,,,,,,123936.0,2026-04-11 21:43:52.102,,,,,,,-1.0,-1.0,,,,,,,,,,,,,3077.0,3959.0,,,,,,,,,,,,,3974.0,3542.0,,,,,,,,,,,,,2729.0,3144.0,,,,,,,,,,,,,3177.0,3263.0,,,,,,,,,,,,,3015.0,2055.0,,,,,,,,,,,,,-1.0,-1.0,,,,,,
2026-04-11 21:43:43,19,2026-04-11T11:43:51.748Z,True,True,380742.0,2026-04-11 21:43:51.805,,,,,,,-1.0,-1.0,,,,,,,,,,,,,2137.0,2023.0,,,,,,,,,,,,,1064.0,2141.0,,,,,,,,,,,,,0.0,2067.0,,,,,,,,,,,,,2213.0,1935.0,,,,,,,,,,,,,1679.0,1735.0,,,,,,,,,,,,,-1.0,-1.0,,,,,,,123944.0,2026-04-11 21:43:52.112,,,,,,,-1.0,-1.0,,,,,,,,,,,,,3089.0,3963.0,,,,,,,,,,,,,4013.0,3687.0,,,,,,,,,,,,,2720.0,3141.0,,,,,,,,,,,,,3176.0,3263.0,,,,,,,,,,,,,3013.0,2057.0,,,,,,,,,,,,,-1.0,-1.0,,,,,,
2026-04-11 21:43:43,20,2026-04-11T11:43:51.798Z,True,True,380795.0,2026-04-11 21:43:51.818,,,,,,,-1.0,-1.0,,,,,,,,,,,,,2139.0,2019.0,,,,,,,,,,,,,1059.0,2148.0,,,,,,,,,,,,,0.0,2067.0,,,,,,,,,,,,,2211.0,1948.0,,,,,,,,,,,,,1670.0,1724.0,,,,,,,,,,,,,-1.0,-1.0,,,,,,,123954.0,2026-04-11 21:43:52.122,,,,,,,-1.0,-1.0,,,,,,,,,,,,,3115.0,3961.0,,,,,,,,,,,,,3967.0,3533.0,,,,,,,,,,,,,2717.0,3140.0,,,,,,,,,,,,,3175.0,3269.0,,,,,,,,,,,,,3025.0,2059.0,,,,,,,,,,,,,-1.0,-1.0,,,,,,
2026-04-11 21:43:43,21,2026-04-11T11:43:51.848Z,True,True,380845.0,2026-04-11 21:43:51.905,,,,,,,-1.0,-1.0,,,,,,,,,,,,,2137.0,2023.0,,,,,,,,,,,,,1063.0,2148.0,,,,,,,,,,,,,0.0,2069.0,,,,,,,,,,,,,2207.0,2008.0,,,,,,,,,,,,,1619.0,1677.0,,,,,,,,,,,,,-1.0,-1.0,,,,,,,123963.0,2026-04-11 21:43:52.139,,,,,,,-1.0,-1.0,,,,,,,,,,,,,3140.0,3959.0,,,,,,,,,,,,,3976.0,3541.0,,,,,,,,,,,,,2729.0,3082.0,,,,,,,,,,,,,3173.0,3259.0,,,,,,,,,,,,,3013.0,2055.0,,,,,,,,,,,,,-1.0,-1.0,,,,,,
2026-04-11 21:43:43,22,2026-04-11T11:43:51.899Z,True,True,380895.0,2026-04-11 21:43:51.924,,,,,,,-1.0,-1.0,,,,,,,,,,,,,2139.0,2021.0,,,,,,,,,,,,,1063.0,2142.0,,,,,,,,,,,,,0.0,2068.0,,,,,,,,,,,,,2211.0,2319.0,,,,,,,,,,,,,1340.0,1433.0,,,,,,,,,,,,,-1.0,-1.0,,,,,,,123971.0,2026-04-11 21:43:52.140,,,,,,,-1.0,-1.0,,,,,,,,,,,,,3175.0,3961.0,,,,,,,,,,,,,3965.0,3547.0,,,,,,,,,,,,,2725.0,3135.0,,,,,,,,,,,,,3171.0,3259.0,,,,,,,,,,,,,3005.0,2059.0,,,,,,,,,,,,,-1.0,-1.0,,,,,,
2026-04-11 21:43:43,23,2026-04-11T11:43:51.949Z,True,True,380947.0,2026-04-11 21:43:52.009,,,,,,,-1.0,-1.0,,,,,,,,,,,,,2142.0,2021.0,,,,,,,,,,,,,1064.0,2149.0,,,,,,,,,,,,,0.0,2068.0,,,,,,,,,,,,,2213.0,2323.0,,,,,,,,,,,,,1338.0,1435.0,,,,,,,,,,,,,-1.0,-1.0,,,,,,,123979.0,2026-04-11 21:43:52.144,,,,,,,-1.0,-1.0,,,,,,,,,,,,,3181.0,4004.0,,,,,,,,,,,,,3967.0,3547.0,,,,,,,,,,,,,2719.0,3113.0,,,,,,,,,,,,,3148.0,3231.0,,,,,,,,,,,,,2992.0,2060.0,,,,,,,,,,,,,-1.0,-1.0,,,,,,
2026-04-11 21:43:43,24,2026-04-11T11:43:52.000Z,True,True,380996.0,2026-04-11 21:43:52.028,,,,,,,-1.0,-1.0,,,,,,,,,,,,,2141.0,2023.0,,,,,,,,,,,,,1064.0,2141.0,,,,,,,,,,,,,0.0,2067.0,,,,,,,,,,,,,2214.0,2319.0,,,,,,,,,,,,,1339.0,1436.0,,,,,,,,,,,,,-1.0,-1.0,,,,,,,123988.0,2026-04-11 21:43:52.149,,,,,,,-1.0,-1.0,,,,,,,,,,,,,3188.0,3963.0,,,,,,,,,,,,,3973.0,3525.0,,,,,,,,,,,,,2057.0,3139.0,,,,,,,,,,,,,3173.0,3253.0,,,,,,,,,,,,,3007.0,2057.0,,,,,,,,,,,,,-1.0,-1.0,,,,,,
2026-04-11 21:43:43,25,2026-04-11T11:43:52.050Z,True,True,381064.0,2026-04-11 21:43:52.112,,,,,,,-1.0,-1.0,,,,,,,,,,,,,2141.0,2015.0,,,,,,,,,,,,,1064.0,2141.0,,,,,,,,,,,,,0.0,2067.0,,,,,,,,,,,,,2207.0,2319.0,,,,,,,,,,,,,1336.0,1406.0,,,,,,,,,,,,,-1.0,-1.0,,,,,,,123997.0,2026-04-11 21:43:52.169,,,,,,,-1.0,-1.0,,,,,,,,,,,,,3151.0,3951.0,,,,,,,,,,,,,3973.0,3545.0,,,,,,,,,,,,,2675.0,3157.0,,,,,,,,,,,,,3147.0,3291.0,,,,,,,,,,,,,3019.0,2057.0,,,,,,,,,,,,,-1.0,-1.0,,,,,,
2026-04-11 21:43:43,26,2026-04-11T11:43:52.101Z,True,True,381098.0,2026-04-11 21:43:52.128,,,,,,,-1.0,-1.0,,,,,,,,,,,,,2137.0,2023.0,,,,,,,,,,,,,1063.0,2145.0,,,,,,,,,,,,,0.0,2069.0,,,,,,,,,,,,,2213.0,2323.0,,,,,,,,,,,,,1333.0,1433.0,,,,,,,,,,,,,-1.0,-1.0,,,,,,,124005.0,2026-04-11 21:43:52.174,,,,,,,-1.0,-1.0,,,,,,,,,,,,,3181.0,3959.0,,,,,,,,,,,,,3967.0,3544.0,,,,,,,,,,,,,2723.0,3145.0,,,,,,,,,,,,,3177.0,3271.0,,,,,,,,,,,,,3018.0,2057.0,,,,,,,,,,,,,-1.0,-1.0,,,,,,
2026-04-11 21:43:43,27,2026-04-11T11:43:52.151Z,True,True,381163.0,2026-04-11 21:43:52.207,,,,,,,-1.0,-1.0,,,,,,,,,,,,,2140.0,2019.0,,,,,,,,,,,,,1064.0,2143.0,,,,,,,,,,,,,0.0,2071.0,,,,,,,,,,,,,2213.0,2323.0,,,,,,,,,,,,,1337.0,1433.0,,,,,,,,,,,,,-1.0,-1.0,,,,,,,124023.0,2026-04-11 21:43:52.186,,,,,,,-1.0,-1.0,,,,,,,,,,,,,3158.0,3961.0,,,,,,,,,,,,,3967.0,3485.0,,,,,,,,,,,,,2715.0,3141.0,,,,,,,,,,,,,3181.0,3273.0,,,,,,,,,,,,,3016.0,2059.0,,,,,,,,,,,,,-1.0,-1.0,,,,,,
2026-04-11 21:43:43,28,2026-04-11T11:43:52.202Z,True,True,381196.0,2026-04-11 21:43:52.222,,,,,,,-1.0,-1.0,,,,,,,,,,,,,2143.0,2021.0,,,,,,,,,,,,,1059.0,2149.0,,,,,,,,,,,,,0.0,2069.0,,,,,,,,,,,,,2213.0,2322.0,,,,,,,,,,,,,1335.0,1431.0,,,,,,,,,,,,,-1.0,-1.0,,,,,,,124058.0,2026-04-11 21:43:52.259,,,,,,,-1.0,-1.0,,,,,,,,,,,,,3125.0,3961.0,,,,,,,,,,,,,3975.0,3559.0,,,,,,,,,,,,,2724.0,3144.0,,,,,,,,,,,,,3167.0,3261.0,,,,,,,,,,,,,3016.0,2057.0,,,,,,,,,,,,,-1.0,-1.0,,,,,,
2026-04-11 21:43:43,29,2026-04-11T11:43:52.252Z,True,True,381246.0,2026-04-11 21:43:52.308,,,,,,,-1.0,-1.0,,,,,,,,,,,,,2141.0,2019.0,,,,,,,,,,,,,1060.0,2141.0,,,,,,,,,,,,,0.0,2067.0,,,,,,,,,,,,,2208.0,2317.0,,,,,,,,,,,,,1339.0,1434.0,,,,,,,,,,,,,-1.0,-1.0,,,,,,,124109.0,2026-04-11 21:43:52.283,,,,,,,-1.0,-1.0,,,,,,,,,,,,,3211.0,3959.0,,,,,,,,,,,,,3965.0,3540.0,,,,,,,,,,,,,2727.0,3135.0,,,,,,,,,,,,,3171.0,3257.0,,,,,,,,,,,,,3015.0,2063.0,,,,,,,,,,,,,-1.0,-1.0,,,,,,
2026-04-11 21:43:43,30,2026-04-11T11:43:52.303Z,True,True,381297.0,2026-04-11 21:43:52.323,,,,,,,-1.0,-1.0,,,,,,,,,,,,,2138.0,2019.0,,,,,,,,,,,,,1059.0,2148.0,,,,,,,,,,,,,0.0,2066.0,,,,,,,,,,,,,2211.0,2201.0,,,,,,,,,,,,,1444.0,1523.0,,,,,,,,,,,,,-1.0,-1.0,,,,,,,124160.0,2026-04-11 21:43:52.363,,,,,,,-1.0,-1.0,,,,,,,,,,,,,3209.0,3967.0,,,,,,,,,,,,,3965.0,3541.0,,,,,,,,,,,,,2734.0,3147.0,,,,,,,,,,,,,3183.0,3271.0,,,,,,,,,,,,,3019.0,2065.0,,,,,,,,,,,,,-1.0,-1.0,,,,,,
2026-04-11 21:43:43,31,2026-04-11T11:43:52.354Z,True,True,381351.0,2026-04-11 21:43:52.413,,,,,,,-1.0,-1.0,,,,,,,,,,,,,2142.0,2021.0,,,,,,,,,,,,,1063.0,2147.0,,,,,,,,,,,,,0.0,2069.0,,,,,,,,,,,,,2211.0,1939.0,,,,,,,,,,,,,1683.0,1735.0,,,,,,,,,,,,,-1.0,-1.0,,,,,,,124214.0,2026-04-11 21:43:52.380,,,,,,,-1.0,-1.0,,,,,,,,,,,,,3141.0,3963.0,,,,,,,,,,,,,3963.0,3545.0,,,,,,,,,,,,,2711.0,3144.0,,,,,,,,,,,,,3165.0,3263.0,,,,,,,,,,,,,3020.0,2043.0,,,,,,,,,,,,,-1.0,-1.0,,,,,,
2026-04-11 21:43:43,32,2026-04-11T11:43:52.404Z,True,True,381402.0,2026-04-11 21:43:52.431,,,,,,,-1.0,-1.0,,,,,,,,,,,,,2139.0,2021.0,,,,,,,,,,,,,1059.0,2141.0,,,,,,,,,,,,,0.0,2069.0,,,,,,,,,,,,,2212.0,2313.0,,,,,,,,,,,,,1341.0,1435.0,,,,,,,,,,,,,-1.0,-1.0,,,,,,,124263.0,2026-04-11 21:43:52.462,,,,,,,-1.0,-1.0,,,,,,,,,,,,,3207.0,3963.0,,,,,,,,,,,,,3965.0,3561.0,,,,,,,,,,,,,2710.0,3113.0,,,,,,,,,,,,,3135.0,3221.0,,,,,,,,,,,,,2986.0,2057.0,,,,,,,,,,,,,-1.0,-1.0,,,,,,
2026-04-11 21:43:43,33,2026-04-11T11:43:52.455Z,True,True,381450.0,2026-04-11 21:43:52.512,,,,,,,-1.0,-1.0,,,,,,,,,,,,,2141.0,2017.0,,,,,,,,,,,,,1063.0,2141.0,,,,,,,,,,,,,0.0,2069.0,,,,,,,,,,,,,2211.0,1948.0,,,,,,,,,,,,,1674.0,1721.0,,,,,,,,,,,,,-1.0,-1.0,,,,,,,124313.0,2026-04-11 21:43:52.484,,,,,,,-1.0,-1.0,,,,,,,,,,,,,3196.0,3965.0,,,,,,,,,,,,,3975.0,3544.0,,,,,,,,,,,,,2727.0,3143.0,,,,,,,,,,,,,3178.0,3257.0,,,,,,,,,,,,,3016.0,2063.0,,,,,,,,,,,,,-1.0,-1.0,,,,,,
2026-04-11 21:43:43,34,2026-04-11T11:43:52.506Z,True,True,381501.0,2026-04-11 21:43:52.528,,,,,,,-1.0,-1.0,,,,,,,,,,,,,2139.0,2015.0,,,,,,,,,,,,,1060.0,2147.0,,,,,,,,,,,,,0.0,2069.0,,,,,,,,,,,,,2211.0,1941.0,,,,,,,,,,,,,1677.0,1723.0,,,,,,,,,,,,,-1.0,-1.0,,,,,,,124365.0,2026-04-11 21:43:52.566,,,,,,,-1.0,-1.0,,,,,,,,,,,,,3192.0,3967.0,,,,,,,,,,,,,3964.0,3551.0,,,,,,,,,,,,,2705.0,3129.0,,,,,,,,,,,,,3161.0,3245.0,,,,,,,,,,,,,3000.0,2055.0,,,,,,,,,,,,,-1.0,-1.0,,,,,,
2026-04-11 21:43:43,35,2026-04-11T11:43:52.556Z,True,True,381552.0,2026-04-11 21:43:52.612,,,,,,,-1.0,-1.0,,,,,,,,,,,,,2139.0,2021.0,,,,,,,,,,,,,1063.0,2143.0,,,,,,,,,,,,,0.0,2069.0,,,,,,,,,,,,,2207.0,1943.0,,,,,,,,,,,,,1673.0,1727.0,,,,,,,,,,,,,-1.0,-1.0,,,,,,,124415.0,2026-04-11 21:43:52.580,,,,,,,-1.0,-1.0,,,,,,,,,,,,,3171.0,3965.0,,,,,,,,,,,,,3965.0,3548.0,,,,,,,,,,,,,2703.0,3115.0,,,,,,,,,,,,,3148.0,3230.0,,,,,,,,,,,,,2995.0,2063.0,,,,,,,,,,,,,-1.0,-1.0,,,,,,
2026-04-11 21:43:43,36,2026-04-11T11:43:52.607Z,True,True,381601.0,2026-04-11 21:43:52.634,,,,,,,-1.0,-1.0,,,,,,,,,,,,,2141.0,2019.0,,,,,,,,,,,,,1064.0,2147.0,,,,,,,,,,,,,0.0,2069.0,,,,,,,,,,,,,2211.0,1944.0,,,,,,,,,,,,,1675.0,1727.0,,,,,,,,,,,,,-1.0,-1.0,,,,,,,124463.0,2026-04-11 21:43:52.663,,,,,,,-1.0,-1.0,,,,,,,,,,,,,3157.0,3957.0,,,,,,,,,,,,,3967.0,3531.0,,,,,,,,,,,,,2775.0,3079.0,,,,,,,,,,,,,3108.0,3182.0,,,,,,,,,,,,,2965.0,2067.0,,,,,,,,,,,,,-1.0,-1.0,,,,,,
2026-04-11 21:43:43,37,2026-04-11T11:43:52.657Z,True,True,381651.0,2026-04-11 21:43:52.715,,,,,,,-1.0,-1.0,,,,,,,,,,,,,2141.0,2021.0,,,,,,,,,,,,,1059.0,2149.0,,,,,,,,,,,,,0.0,2067.0,,,,,,,,,,,,,2207.0,1961.0,,,,,,,,,,,,,1659.0,1711.0,,,,,,,,,,,,,-1.0,-1.0,,,,,,,124515.0,2026-04-11 21:43:52.684,,,,,,,-1.0,-1.0,,,,,,,,,,,,,3147.0,3960.0,,,,,,,,,,,,,3965.0,3689.0,,,,,,,,,,,,,2762.0,3097.0,,,,,,,,,,,,,3131.0,3211.0,,,,,,,,,,,,,2981.0,2057.0,,,,,,,,,,,,,-1.0,-1.0,,,,,,
2026-04-11 21:43:43,38,2026-04-11T11:43:52.708Z,True,True,381703.0,2026-04-11 21:43:52.728,,,,,,,-1.0,-1.0,,,,,,,,,,,,,2137.0,2021.0,,,,,,,,,,,,,1059.0,2147.0,,,,,,,,,,,,,0.0,2067.0,,,,,,,,,,,,,2213.0,2316.0,,,,,,,,,,,,,1339.0,1433.0,,,,,,,,,,,,,-1.0,-1.0,,,,,,,124565.0,2026-04-11 21:43:52.764,,,,,,,-1.0,-1.0,,,,,,,,,,,,,3128.0,3967.0,,,,,,,,,,,,,3961.0,3539.0,,,,,,,,,,,,,2745.0,3053.0,,,,,,,,,,,,,3091.0,3171.0,,,,,,,,,,,,,2981.0,2057.0,,,,,,,,,,,,,-1.0,-1.0,,,,,,
2026-04-11 21:43:43,39,2026-04-11T11:43:52.758Z,True,True,381753.0,2026-04-11 21:43:52.816,,,,,,,-1.0,-1.0,,,,,,,,,,,,,2137.0,2023.0,,,,,,,,,,,,,1055.0,2149.0,,,,,,,,,,,,,0.0,2066.0,,,,,,,,,,,,,2213.0,2314.0,,,,,,,,,,,,,1349.0,1440.0,,,,,,,,,,,,,-1.0,-1.0,,,,,,,124616.0,2026-04-11 21:43:52.784,,,,,,,-1.0,-1.0,,,,,,,,,,,,,3176.0,3961.0,,,,,,,,,,,,,3967.0,3544.0,,,,,,,,,,,,,2701.0,3102.0,,,,,,,,,,,,,3135.0,3222.0,,,,,,,,,,,,,2985.0,2059.0,,,,,,,,,,,,,-1.0,-1.0,,,,,,
2026-04-11 21:43:43,40,2026-04-11T11:43:52.809Z,True,True,381804.0,2026-04-11 21:43:52.829,,,,,,,-1.0,-1.0,,,,,,,,,,,,,2140.0,2023.0,,,,,,,,,,,,,1063.0,2141.0,,,,,,,,,,,,,0.0,2068.0,,,,,,,,,,,,,2213.0,2302.0,,,,,,,,,,,,,1354.0,1443.0,,,,,,,,,,,,,-1.0,-1.0,,,,,,,124666.0,2026-04-11 21:43:52.866,,,,,,,-1.0,-1.0,,,,,,,,,,,,,3148.0,3960.0,,,,,,,,,,,,,3963.0,3541.0,,,,,,,,,,,,,2758.0,3091.0,,,,,,,,,,,,,3119.0,3188.0,,,,,,,,,,,,,2974.0,2059.0,,,,,,,,,,,,,-1.0,-1.0,,,,,,
2026-04-11 21:43:43,41,2026-04-11T11:43:52.860Z,True,True,381855.0,2026-04-11 21:43:52.916,,,,,,,-1.0,-1.0,,,,,,,,,,,,,2143.0,2021.0,,,,,,,,,,,,,1063.0,2148.0,,,,,,,,,,,,,0.0,2070.0,,,,,,,,,,,,,2212.0,2301.0,,,,,,,,,,,,,1353.0,1447.0,,,,,,,,,,,,,-1.0,-1.0,,,,,,,124718.0,2026-04-11 21:43:52.885,,,,,,,-1.0,-1.0,,,,,,,,,,,,,3144.0,3967.0,,,,,,,,,,,,,3973.0,3539.0,,,,,,,,,,,,,2749.0,3081.0,,,,,,,,,,,,,3111.0,3188.0,,,,,,,,,,,,,2965.0,2063.0,,,,,,,,,,,,,-1.0,-1.0,,,,,,
2026-04-11 21:43:43,42,2026-04-11T11:43:52.910Z,True,True,381905.0,2026-04-11 21:43:52.929,,,,,,,-1.0,-1.0,,,,,,,,,,,,,2139.0,2015.0,,,,,,,,,,,,,1060.0,2148.0,,,,,,,,,,,,,0.0,2067.0,,,,,,,,,,,,,2213.0,2319.0,,,,,,,,,,,,,1340.0,1435.0,,,,,,,,,,,,,-1.0,-1.0,,,,,,,124768.0,2026-04-11 21:43:52.969,,,,,,,-1.0,-1.0,,,,,,,,,,,,,3189.0,3967.0,,,,,,,,,,,,,4005.0,3545.0,,,,,,,,,,,,,2726.0,3069.0,,,,,,,,,,,,,3099.0,3175.0,,,,,,,,,,,,,2959.0,2059.0,,,,,,,,,,,,,-1.0,-1.0,,,,,,
2026-04-11 21:43:43,43,2026-04-11T11:43:52.961Z,True,True,381956.0,2026-04-11 21:43:53.017,,,,,,,-1.0,-1.0,,,,,,,,,,,,,2143.0,2018.0,,,,,,,,,,,,,1063.0,2151.0,,,,,,,,,,,,,0.0,2067.0,,,,,,,,,,,,,2211.0,2317.0,,,,,,,,,,,,,1336.0,1433.0,,,,,,,,,,,,,-1.0,-1.0,,,,,,,124818.0,2026-04-11 21:43:52.987,,,,,,,-1.0,-1.0,,,,,,,,,,,,,3190.0,4007.0,,,,,,,,,,,,,4009.0,3691.0,,,,,,,,,,,,,2063.0,3080.0,,,,,,,,,,,,,3112.0,3188.0,,,,,,,,,,,,,2964.0,2057.0,,,,,,,,,,,,,-1.0,-1.0,,,,,,
2026-04-11 21:43:43,44,2026-04-11T11:43:53.011Z,True,True,382007.0,2026-04-11 21:43:53.039,,,,,,,-1.0,-1.0,,,,,,,,,,,,,2141.0,2019.0,,,,,,,,,,,,,1063.0,2149.0,,,,,,,,,,,,,0.0,2069.0,,,,,,,,,,,,,2214.0,2319.0,,,,,,,,,,,,,1337.0,1434.0,,,,,,,,,,,,,-1.0,-1.0,,,,,,,124868.0,2026-04-11 21:43:53.068,,,,,,,-1.0,-1.0,,,,,,,,,,,,,3183.0,3959.0,,,,,,,,,,,,,3960.0,3544.0,,,,,,,,,,,,,2734.0,3054.0,,,,,,,,,,,,,3083.0,3132.0,,,,,,,,,,,,,2963.0,2059.0,,,,,,,,,,,,,-1.0,-1.0,,,,,,
2026-04-11 21:43:43,45,2026-04-11T11:43:53.062Z,True,True,382056.0,2026-04-11 21:43:53.132,,,,,,,-1.0,-1.0,,,,,,,,,,,,,2141.0,2022.0,,,,,,,,,,,,,1059.0,2142.0,,,,,,,,,,,,,0.0,2069.0,,,,,,,,,,,,,2213.0,2319.0,,,,,,,,,,,,,1335.0,1432.0,,,,,,,,,,,,,-1.0,-1.0,,,,,,,124919.0,2026-04-11 21:43:53.132,,,,,,,-1.0,-1.0,,,,,,,,,,,,,3107.0,3965.0,,,,,,,,,,,,,3963.0,3548.0,,,,,,,,,,,,,2742.0,3056.0,,,,,,,,,,,,,3083.0,3103.0,,,,,,,,,,,,,2965.0,2060.0,,,,,,,,,,,,,-1.0,-1.0,,,,,,
2026-04-11 21:43:43,46,2026-04-11T11:43:53.113Z,True,True,382122.0,2026-04-11 21:43:53.152,,,,,,,-1.0,-1.0,,,,,,,,,,,,,2143.0,2019.0,,,,,,,,,,,,,1063.0,2149.0,,,,,,,,,,,,,0.0,2069.0,,,,,,,,,,,,,2213.0,2319.0,,,,,,,,,,,,,1335.0,1432.0,,,,,,,,,,,,,-1.0,-1.0,,,,,,,124984.0,2026-04-11 21:43:53.149,,,,,,,-1.0,-1.0,,,,,,,,,,,,,3177.0,3960.0,,,,,,,,,,,,,3967.0,3543.0,,,,,,,,,,,,,2741.0,3089.0,,,,,,,,,,,,,3117.0,3192.0,,,,,,,,,,,,,2970.0,2056.0,,,,,,,,,,,,,-1.0,-1.0,,,,,,
2026-04-11 21:43:43,47,2026-04-11T11:43:53.163Z,True,True,382157.0,2026-04-11 21:43:53.224,,,,,,,-1.0,-1.0,,,,,,,,,,,,,2142.0,2023.0,,,,,,,,,,,,,1063.0,2149.0,,,,,,,,,,,,,0.0,2069.0,,,,,,,,,,,,,2213.0,2319.0,,,,,,,,,,,,,1340.0,1437.0,,,,,,,,,,,,,-1.0,-1.0,,,,,,,125020.0,2026-04-11 21:43:53.224,,,,,,,-1.0,-1.0,,,,,,,,,,,,,3149.0,4006.0,,,,,,,,,,,,,3975.0,3544.0,,,,,,,,,,,,,2725.0,3080.0,,,,,,,,,,,,,3089.0,3163.0,,,,,,,,,,,,,2943.0,2057.0,,,,,,,,,,,,,-1.0,-1.0,,,,,,
2026-04-11 21:43:43,48,2026-04-11T11:43:53.214Z,True,True,382211.0,2026-04-11 21:43:53.238,,,,,,,-1.0,-1.0,,,,,,,,,,,,,2138.0,2021.0,,,,,,,,,,,,,1063.0,2149.0,,,,,,,,,,,,,0.0,2071.0,,,,,,,,,,,,,2211.0,2322.0,,,,,,,,,,,,,1340.0,1430.0,,,,,,,,,,,,,-1.0,-1.0,,,,,,,125073.0,2026-04-11 21:43:53.235,,,,,,,-1.0,-1.0,,,,,,,,,,,,,3163.0,3967.0,,,,,,,,,,,,,3965.0,3544.0,,,,,,,,,,,,,2691.0,3049.0,,,,,,,,,,,,,3093.0,3163.0,,,,,,,,,,,,,2951.0,2065.0,,,,,,,,,,,,,-1.0,-1.0,,,,,,
2026-04-11 21:43:43,49,2026-04-11T11:43:53.264Z,True,True,382262.0,2026-04-11 21:43:53.321,,,,,,,-1.0,-1.0,,,,,,,,,,,,,2141.0,2023.0,,,,,,,,,,,,,1060.0,2148.0,,,,,,,,,,,,,0.0,2067.0,,,,,,,,,,,,,2213.0,2322.0,,,,,,,,,,,,,1337.0,1433.0,,,,,,,,,,,,,-1.0,-1.0,,,,,,,125121.0,2026-04-11 21:43:53.323,,,,,,,-1.0,-1.0,,,,,,,,,,,,,3173.0,3963.0,,,,,,,,,,,,,3967.0,3547.0,,,,,,,,,,,,,2679.0,3065.0,,,,,,,,,,,,,3097.0,3177.0,,,,,,,,,,,,,2954.0,2056.0,,,,,,,,,,,,,-1.0,-1.0,,,,,,
2026-04-11 21:43:43,50,2026-04-11T11:43:53.315Z,True,True,382310.0,2026-04-11 21:43:53.337,,,,,,,-1.0,-1.0,,,,,,,,,,,,,2142.0,2019.0,,,,,,,,,,,,,1061.0,2142.0,,,,,,,,,,,,,0.0,2069.0,,,,,,,,,,,,,2213.0,2319.0,,,,,,,,,,,,,1337.0,1435.0,,,,,,,,,,,,,-1.0,-1.0,,,,,,,125174.0,2026-04-11 21:43:53.339,,,,,,,-1.0,-1.0,,,,,,,,,,,,,3175.0,3959.0,,,,,,,,,,,,,3988.0,3592.0,,,,,,,,,,,,,2491.0,3052.0,,,,,,,,,,,,,3087.0,3163.0,,,,,,,,,,,,,2949.0,2056.0,,,,,,,,,,,,,-1.0,-1.0,,,,,,
2026-04-11 21:43:43,51,2026-04-11T11:43:53.365Z,True,True,382361.0,2026-04-11 21:43:53.421,,,,,,,-1.0,-1.0,,,,,,,,,,,,,2143.0,2022.0,,,,,,,,,,,,,1060.0,2150.0,,,,,,,,,,,,,0.0,2067.0,,,,,,,,,,,,,2213.0,2321.0,,,,,,,,,,,,,1339.0,1431.0,,,,,,,,,,,,,-1.0,-1.0,,,,,,,125224.0,2026-04-11 21:43:53.422,,,,,,,-1.0,-1.0,,,,,,,,,,,,,3170.0,3965.0,,,,,,,,,,,,,3966.0,3601.0,,,,,,,,,,,,,2487.0,3055.0,,,,,,,,,,,,,3089.0,3156.0,,,,,,,,,,,,,2942.0,2053.0,,,,,,,,,,,,,-1.0,-1.0,,,,,,
2026-04-11 21:43:43,52,2026-04-11T11:43:53.416Z,True,True,382410.0,2026-04-11 21:43:53.435,,,,,,,-1.0,-1.0,,,,,,,,,,,,,2141.0,2023.0,,,,,,,,,,,,,1064.0,2149.0,,,,,,,,,,,,,0.0,2069.0,,,,,,,,,,,,,2213.0,2318.0,,,,,,,,,,,,,1336.0,1435.0,,,,,,,,,,,,,-1.0,-1.0,,,,,,,125273.0,2026-04-11 21:43:53.438,,,,,,,-1.0,-1.0,,,,,,,,,,,,,3115.0,3982.0,,,,,,,,,,,,,3989.0,3596.0,,,,,,,,,,,,,2489.0,3060.0,,,,,,,,,,,,,3093.0,3167.0,,,,,,,,,,,,,2943.0,2059.0,,,,,,,,,,,,,-1.0,-1.0,,,,,,
2026-04-11 21:43:43,53,2026-04-11T11:43:53.466Z,True,True,382463.0,2026-04-11 21:43:53.522,,,,,,,-1.0,-1.0,,,,,,,,,,,,,2139.0,2023.0,,,,,,,,,,,,,1063.0,2149.0,,,,,,,,,,,,,0.0,2065.0,,,,,,,,,,,,,2213.0,2317.0,,,,,,,,,,,,,1336.0,1435.0,,,,,,,,,,,,,-1.0,-1.0,,,,,,,125323.0,2026-04-11 21:43:53.523,,,,,,,-1.0,-1.0,,,,,,,,,,,,,3193.0,3973.0,,,,,,,,,,,,,3981.0,3595.0,,,,,,,,,,,,,2487.0,3003.0,,,,,,,,,,,,,3029.0,3101.0,,,,,,,,,,,,,2901.0,2059.0,,,,,,,,,,,,,-1.0,-1.0,,,,,,
2026-04-11 21:43:43,54,2026-04-11T11:43:53.516Z,True,True,382511.0,2026-04-11 21:43:53.541,,,,,,,-1.0,-1.0,,,,,,,,,,,,,2141.0,2023.0,,,,,,,,,,,,,1065.0,2141.0,,,,,,,,,,,,,0.0,2068.0,,,,,,,,,,,,,2212.0,2322.0,,,,,,,,,,,,,1338.0,1434.0,,,,,,,,,,,,,-1.0,-1.0,,,,,,,125374.0,2026-04-11 21:43:53.541,,,,,,,-1.0,-1.0,,,,,,,,,,,,,3163.0,3986.0,,,,,,,,,,,,,3980.0,3595.0,,,,,,,,,,,,,2485.0,3069.0,,,,,,,,,,,,,3108.0,3183.0,,,,,,,,,,,,,2963.0,2059.0,,,,,,,,,,,,,-1.0,-1.0,,,,,,
2026-04-11 21:43:43,55,2026-04-11T11:43:53.567Z,True,True,382561.0,2026-04-11 21:43:53.626,,,,,,,-1.0,-1.0,,,,,,,,,,,,,2142.0,2021.0,,,,,,,,,,,,,1059.0,2149.0,,,,,,,,,,,,,0.0,2069.0,,,,,,,,,,,,,2213.0,2321.0,,,,,,,,,,,,,1341.0,1435.0,,,,,,,,,,,,,-1.0,-1.0,,,,,,,125424.0,2026-04-11 21:43:53.628,,,,,,,-1.0,-1.0,,,,,,,,,,,,,3192.0,3981.0,,,,,,,,,,,,,3987.0,3593.0,,,,,,,,,,,,,2490.0,3047.0,,,,,,,,,,,,,3103.0,3159.0,,,,,,,,,,,,,2939.0,2056.0,,,,,,,,,,,,,-1.0,-1.0,,,,,,
2026-04-11 21:43:43,56,2026-04-11T11:43:53.617Z,True,True,382614.0,2026-04-11 21:43:53.641,,,,,,,-1.0,-1.0,,,,,,,,,,,,,2143.0,2021.0,,,,,,,,,,,,,1059.0,2149.0,,,,,,,,,,,,,0.0,2068.0,,,,,,,,,,,,,2213.0,2323.0,,,,,,,,,,,,,1337.0,1433.0,,,,,,,,,,,,,-1.0,-1.0,,,,,,,125477.0,2026-04-11 21:43:53.642,,,,,,,-1.0,-1.0,,,,,,,,,,,,,3175.0,3976.0,,,,,,,,,,,,,3977.0,3599.0,,,,,,,,,,,,,2486.0,3080.0,,,,,,,,,,,,,3112.0,3189.0,,,,,,,,,,,,,2963.0,2059.0,,,,,,,,,,,,,-1.0,-1.0,,,,,,
2026-04-11 21:43:43,57,2026-04-11T11:43:53.668Z,True,True,382663.0,2026-04-11 21:43:53.727,,,,,,,-1.0,-1.0,,,,,,,,,,,,,2142.0,2015.0,,,,,,,,,,,,,1063.0,2141.0,,,,,,,,,,,,,0.0,2067.0,,,,,,,,,,,,,2211.0,2315.0,,,,,,,,,,,,,1337.0,1436.0,,,,,,,,,,,,,-1.0,-1.0,,,,,,,125525.0,2026-04-11 21:43:53.726,,,,,,,-1.0,-1.0,,,,,,,,,,,,,3160.0,3979.0,,,,,,,,,,,,,3985.0,3597.0,,,,,,,,,,,,,2475.0,3055.0,,,,,,,,,,,,,3097.0,3173.0,,,,,,,,,,,,,2921.0,2059.0,,,,,,,,,,,,,-1.0,-1.0,,,,,,
2026-04-11 21:43:43,58,2026-04-11T11:43:53.718Z,True,True,382717.0,2026-04-11 21:43:53.750,,,,,,,-1.0,-1.0,,,,,,,,,,,,,2141.0,2023.0,,,,,,,,,,,,,1063.0,2150.0,,,,,,,,,,,,,0.0,2070.0,,,,,,,,,,,,,2208.0,2315.0,,,,,,,,,,,,,1337.0,1435.0,,,,,,,,,,,,,-1.0,-1.0,,,,,,,125577.0,2026-04-11 21:43:53.743,,,,,,,-1.0,-1.0,,,,,,,,,,,,,3164.0,3985.0,,,,,,,,,,,,,3991.0,3613.0,,,,,,,,,,,,,2475.0,3053.0,,,,,,,,,,,,,3030.0,3161.0,,,,,,,,,,,,,2949.0,2063.0,,,,,,,,,,,,,-1.0,-1.0,,,,,,
2026-04-11 21:43:43,59,2026-04-11T11:43:53.769Z,True,True,382764.0,2026-04-11 21:43:53.828,,,,,,,-1.0,-1.0,,,,,,,,,,,,,2141.0,2021.0,,,,,,,,,,,,,1064.0,2143.0,,,,,,,,,,,,,0.0,2067.0,,,,,,,,,,,,,2212.0,2303.0,,,,,,,,,,,,,1353.0,1447.0,,,,,,,,,,,,,-1.0,-1.0,,,,,,,125626.0,2026-04-11 21:43:53.830,,,,,,,-1.0,-1.0,,,,,,,,,,,,,3174.0,3947.0,,,,,,,,,,,,,3981.0,3609.0,,,,,,,,,,,,,2471.0,2926.0,,,,,,,,,,,,,2972.0,3081.0,,,,,,,,,,,,,2859.0,2019.0,,,,,,,,,,,,,-1.0,-1.0,,,,,,
2026-04-11 21:43:43,60,2026-04-11T11:43:53.820Z,True,True,382817.0,2026-04-11 21:43:53.846,,,,,,,-1.0,-1.0,,,,,,,,,,,,,2139.0,2019.0,,,,,,,,,,,,,1062.0,2149.0,,,,,,,,,,,,,0.0,2067.0,,,,,,,,,,,,,2211.0,2292.0,,,,,,,,,,,,,1363.0,1453.0,,,,,,,,,,,,,-1.0,-1.0,,,,,,,125682.0,2026-04-11 21:43:53.850,,,,,,,-1.0,-1.0,,,,,,,,,,,,,3164.0,3981.0,,,,,,,,,,,,,3986.0,3608.0,,,,,,,,,,,,,2063.0,2943.0,,,,,,,,,,,,,2969.0,3036.0,,,,,,,,,,,,,2851.0,2056.0,,,,,,,,,,,,,-1.0,-1.0,,,,,,
2026-04-11 21:43:43,61,2026-04-11T11:43:53.870Z,True,True,382865.0,2026-04-11 21:43:53.930,,,,,,,-1.0,-1.0,,,,,,,,,,,,,2142.0,2019.0,,,,,,,,,,,,,1063.0,2146.0,,,,,,,,,,,,,0.0,2069.0,,,,,,,,,,,,,2207.0,1913.0,,,,,,,,,,,,,1701.0,1753.0,,,,,,,,,,,,,-1.0,-1.0,,,,,,,125728.0,2026-04-11 21:43:53.929,,,,,,,-1.0,-1.0,,,,,,,,,,,,,2152.0,3988.0,,,,,,,,,,,,,3985.0,3601.0,,,,,,,,,,,,,2474.0,2939.0,,,,,,,,,,,,,2965.0,3031.0,,,,,,,,,,,,,2845.0,2059.0,,,,,,,,,,,,,-1.0,-1.0,,,,,,
2026-04-11 21:43:43,62,2026-04-11T11:43:53.921Z,True,True,382920.0,2026-04-11 21:43:53.948,,,,,,,-1.0,-1.0,,,,,,,,,,,,,2143.0,2019.0,,,,,,,,,,,,,1063.0,2149.0,,,,,,,,,,,,,0.0,2070.0,,,,,,,,,,,,,2211.0,1928.0,,,,,,,,,,,,,1693.0,1737.0,,,,,,,,,,,,,-1.0,-1.0,,,,,,,125780.0,2026-04-11 21:43:53.946,,,,,,,-1.0,-1.0,,,,,,,,,,,,,3119.0,3996.0,,,,,,,,,,,,,3987.0,3605.0,,,,,,,,,,,,,2463.0,2120.0,,,,,,,,,,,,,2127.0,2131.0,,,,,,,,,,,,,2129.0,2055.0,,,,,,,,,,,,,-1.0,-1.0,,,,,,
2026-04-11 21:43:43,63,2026-04-11T11:43:53.971Z,True,True,382966.0,2026-04-11 21:43:54.034,,,,,,,-1.0,-1.0,,,,,,,,,,,,,2141.0,2019.0,,,,,,,,,,,,,1063.0,2147.0,,,,,,,,,,,,,0.0,2067.0,,,,,,,,,,,,,2208.0,1934.0,,,,,,,,,,,,,1685.0,1735.0,,,,,,,,,,,,,-1.0,-1.0,,,,,,,125828.0,2026-04-11 21:43:54.032,,,,,,,-1.0,-1.0,,,,,,,,,,,,,3197.0,3961.0,,,,,,,,,,,,,3989.0,3601.0,,,,,,,,,,,,,2469.0,2878.0,,,,,,,,,,,,,2911.0,2971.0,,,,,,,,,,,,,2807.0,2059.0,,,,,,,,,,,,,-1.0,-1.0,,,,,,
2026-04-11 21:43:43,64,2026-04-11T11:43:54.022Z,True,True,383021.0,2026-04-11 21:43:54.052,,,,,,,-1.0,-1.0,,,,,,,,,,,,,2141.0,2023.0,,,,,,,,,,,,,1063.0,2147.0,,,,,,,,,,,,,0.0,2068.0,,,,,,,,,,,,,2211.0,2023.0,,,,,,,,,,,,,1621.0,1682.0,,,,,,,,,,,,,-1.0,-1.0,,,,,,,125883.0,2026-04-11 21:43:54.053,,,,,,,-1.0,-1.0,,,,,,,,,,,,,3151.0,3977.0,,,,,,,,,,,,,3981.0,3631.0,,,,,,,,,,,,,2470.0,2837.0,,,,,,,,,,,,,2851.0,2919.0,,,,,,,,,,,,,2763.0,2053.0,,,,,,,,,,,,,-1.0,-1.0,,,,,,
2026-04-11 21:43:43,65,2026-04-11T11:43:54.073Z,True,True,383068.0,2026-04-11 21:43:54.138,,,,,,,-1.0,-1.0,,,,,,,,,,,,,2139.0,2021.0,,,,,,,,,,,,,1062.0,2149.0,,,,,,,,,,,,,0.0,2068.0,,,,,,,,,,,,,2211.0,2077.0,,,,,,,,,,,,,1557.0,1615.0,,,,,,,,,,,,,-1.0,-1.0,,,,,,,125930.0,2026-04-11 21:43:54.138,,,,,,,-1.0,-1.0,,,,,,,,,,,,,3160.0,3960.0,,,,,,,,,,,,,4025.0,3421.0,,,,,,,,,,,,,2797.0,2805.0,,,,,,,,,,,,,2855.0,2584.0,,,,,,,,,,,,,2751.0,2057.0,,,,,,,,,,,,,-1.0,-1.0,,,,,,
2026-04-11 21:43:43,66,2026-04-11T11:43:54.125Z,True,True,383127.0,2026-04-11 21:43:54.158,,,,,,,-1.0,-1.0,,,,,,,,,,,,,2143.0,2023.0,,,,,,,,,,,,,1063.0,2149.0,,,,,,,,,,,,,0.0,2069.0,,,,,,,,,,,,,2212.0,2138.0,,,,,,,,,,,,,1501.0,1579.0,,,,,,,,,,,,,-1.0,-1.0,,,,,,,125988.0,2026-04-11 21:43:54.162,,,,,,,-1.0,-1.0,,,,,,,,,,,,,3193.0,3961.0,,,,,,,,,,,,,3959.0,3529.0,,,,,,,,,,,,,2826.0,2869.0,,,,,,,,,,,,,2879.0,2927.0,,,,,,,,,,,,,2773.0,2058.0,,,,,,,,,,,,,-1.0,-1.0,,,,,,
2026-04-11 21:43:43,67,2026-04-11T11:43:54.175Z,True,True,383172.0,2026-04-11 21:43:54.237,,,,,,,-1.0,-1.0,,,,,,,,,,,,,2143.0,2023.0,,,,,,,,,,,,,1064.0,2143.0,,,,,,,,,,,,,0.0,2067.0,,,,,,,,,,,,,2212.0,2136.0,,,,,,,,,,,,,1503.0,1577.0,,,,,,,,,,,,,-1.0,-1.0,,,,,,,126036.0,2026-04-11 21:43:54.239,,,,,,,-1.0,-1.0,,,,,,,,,,,,,3163.0,3957.0,,,,,,,,,,,,,3847.0,3540.0,,,,,,,,,,,,,2777.0,2165.0,,,,,,,,,,,,,2878.0,2511.0,,,,,,,,,,,,,2813.0,2058.0,,,,,,,,,,,,,-1.0,-1.0,,,,,,
2026-04-11 21:43:43,68,2026-04-11T11:43:54.226Z,True,True,383226.0,2026-04-11 21:43:54.255,,,,,,,-1.0,-1.0,,,,,,,,,,,,,2143.0,2023.0,,,,,,,,,,,,,1064.0,2149.0,,,,,,,,,,,,,0.0,2068.0,,,,,,,,,,,,,2213.0,2125.0,,,,,,,,,,,,,1513.0,1587.0,,,,,,,,,,,,,-1.0,-1.0,,,,,,,126088.0,2026-04-11 21:43:54.254,,,,,,,-1.0,-1.0,,,,,,,,,,,,,3148.0,3956.0,,,,,,,,,,,,,3966.0,3533.0,,,,,,,,,,,,,2796.0,2966.0,,,,,,,,,,,,,2988.0,3048.0,,,,,,,,,,,,,2875.0,2059.0,,,,,,,,,,,,,-1.0,-1.0,,,,,,
2026-04-11 21:43:43,69,2026-04-11T11:43:54.276Z,True,True,383273.0,2026-04-11 21:43:54.344,,,,,,,-1.0,-1.0,,,,,,,,,,,,,2137.0,2020.0,,,,,,,,,,,,,1063.0,2149.0,,,,,,,,,,,,,0.0,2068.0,,,,,,,,,,,,,2211.0,2122.0,,,,,,,,,,,,,1515.0,1589.0,,,,,,,,,,,,,-1.0,-1.0,,,,,,,126136.0,2026-04-11 21:43:54.343,,,,,,,-1.0,-1.0,,,,,,,,,,,,,3167.0,3961.0,,,,,,,,,,,,,3965.0,3531.0,,,,,,,,,,,,,2803.0,2941.0,,,,,,,,,,,,,2969.0,3033.0,,,,,,,,,,,,,2857.0,2059.0,,,,,,,,,,,,,-1.0,-1.0,,,,,,
2026-04-11 21:43:43,70,2026-04-11T11:43:54.327Z,True,True,383330.0,2026-04-11 21:43:54.360,,,,,,,-1.0,-1.0,,,,,,,,,,,,,2141.0,2023.0,,,,,,,,,,,,,1063.0,2143.0,,,,,,,,,,,,,0.0,2069.0,,,,,,,,,,,,,2207.0,2107.0,,,,,,,,,,,,,1529.0,1599.0,,,,,,,,,,,,,-1.0,-1.0,,,,,,,126190.0,2026-04-11 21:43:54.360,,,,,,,-1.0,-1.0,,,,,,,,,,,,,3175.0,3964.0,,,,,,,,,,,,,3961.0,3528.0,,,,,,,,,,,,,2815.0,2872.0,,,,,,,,,,,,,2904.0,2964.0,,,,,,,,,,,,,2799.0,2063.0,,,,,,,,,,,,,-1.0,-1.0,,,,,,
2026-04-11 21:43:43,71,2026-04-11T11:43:54.377Z,True,True,383373.0,2026-04-11 21:43:54.440,,,,,,,-1.0,-1.0,,,,,,,,,,,,,2139.0,2023.0,,,,,,,,,,,,,1063.0,2142.0,,,,,,,,,,,,,0.0,2068.0,,,,,,,,,,,,,2212.0,2125.0,,,,,,,,,,,,,1513.0,1587.0,,,,,,,,,,,,,-1.0,-1.0,,,,,,,126235.0,2026-04-11 21:43:54.439,,,,,,,-1.0,-1.0,,,,,,,,,,,,,3151.0,3959.0,,,,,,,,,,,,,3964.0,3453.0,,,,,,,,,,,,,2813.0,2771.0,,,,,,,,,,,,,2856.0,2920.0,,,,,,,,,,,,,2767.0,2063.0,,,,,,,,,,,,,-1.0,-1.0,,,,,,
2026-04-11 21:43:43,72,2026-04-11T11:43:54.428Z,True,True,383427.0,2026-04-11 21:43:54.453,,,,,,,-1.0,-1.0,,,,,,,,,,,,,2139.0,2023.0,,,,,,,,,,,,,1064.0,2148.0,,,,,,,,,,,,,0.0,2068.0,,,,,,,,,,,,,2213.0,2127.0,,,,,,,,,,,,,1515.0,1591.0,,,,,,,,,,,,,-1.0,-1.0,,,,,,,126288.0,2026-04-11 21:43:54.453,,,,,,,-1.0,-1.0,,,,,,,,,,,,,3098.0,3963.0,,,,,,,,,,,,,3961.0,3530.0,,,,,,,,,,,,,2799.0,3144.0,,,,,,,,,,,,,3173.0,3260.0,,,,,,,,,,,,,3021.0,2059.0,,,,,,,,,,,,,-1.0,-1.0,,,,,,
2026-04-11 21:43:43,73,2026-04-11T11:43:54.478Z,True,True,383473.0,2026-04-11 21:43:54.541,,,,,,,-1.0,-1.0,,,,,,,,,,,,,2140.0,2019.0,,,,,,,,,,,,,1063.0,2145.0,,,,,,,,,,,,,0.0,2068.0,,,,,,,,,,,,,2208.0,2137.0,,,,,,,,,,,,,1497.0,1575.0,,,,,,,,,,,,,-1.0,-1.0,,,,,,,126335.0,2026-04-11 21:43:54.540,,,,,,,-1.0,-1.0,,,,,,,,,,,,,3167.0,3957.0,,,,,,,,,,,,,3965.0,3532.0,,,,,,,,,,,,,2787.0,3128.0,,,,,,,,,,,,,3165.0,3247.0,,,,,,,,,,,,,3003.0,2065.0,,,,,,,,,,,,,-1.0,-1.0,,,,,,
2026-04-11 21:43:43,74,2026-04-11T11:43:54.529Z,True,True,383529.0,2026-04-11 21:43:54.562,,,,,,,-1.0,-1.0,,,,,,,,,,,,,2139.0,2024.0,,,,,,,,,,,,,1061.0,2150.0,,,,,,,,,,,,,0.0,2068.0,,,,,,,,,,,,,2212.0,2293.0,,,,,,,,,,,,,1357.0,1448.0,,,,,,,,,,,,,-1.0,-1.0,,,,,,,126390.0,2026-04-11 21:43:54.562,,,,,,,-1.0,-1.0,,,,,,,,,,,,,3167.0,3980.0,,,,,,,,,,,,,3982.0,3594.0,,,,,,,,,,,,,2488.0,3135.0,,,,,,,,,,,,,3176.0,3262.0,,,,,,,,,,,,,3017.0,2065.0,,,,,,,,,,,,,-1.0,-1.0,,,,,,
2026-04-11 21:43:43,75,2026-04-11T11:43:54.579Z,True,True,383577.0,2026-04-11 21:43:54.643,,,,,,,-1.0,-1.0,,,,,,,,,,,,,2136.0,2023.0,,,,,,,,,,,,,1061.0,2149.0,,,,,,,,,,,,,0.0,2067.0,,,,,,,,,,,,,2207.0,2116.0,,,,,,,,,,,,,1518.0,1595.0,,,,,,,,,,,,,-1.0,-1.0,,,,,,,126437.0,2026-04-11 21:43:54.643,,,,,,,-1.0,-1.0,,,,,,,,,,,,,3164.0,3987.0,,,,,,,,,,,,,3990.0,3602.0,,,,,,,,,,,,,2485.0,3132.0,,,,,,,,,,,,,3173.0,3256.0,,,,,,,,,,,,,3013.0,2063.0,,,,,,,,,,,,,-1.0,-1.0,,,,,,
2026-04-11 21:43:43,76,2026-04-11T11:43:54.630Z,True,True,383632.0,2026-04-11 21:43:54.658,,,,,,,-1.0,-1.0,,,,,,,,,,,,,2141.0,2020.0,,,,,,,,,,,,,1059.0,2149.0,,,,,,,,,,,,,0.0,2070.0,,,,,,,,,,,,,2212.0,2103.0,,,,,,,,,,,,,1528.0,1597.0,,,,,,,,,,,,,-1.0,-1.0,,,,,,,126494.0,2026-04-11 21:43:54.662,,,,,,,-1.0,-1.0,,,,,,,,,,,,,3125.0,3982.0,,,,,,,,,,,,,3987.0,3608.0,,,,,,,,,,,,,2461.0,3144.0,,,,,,,,,,,,,3177.0,3263.0,,,,,,,,,,,,,3017.0,2063.0,,,,,,,,,,,,,-1.0,-1.0,,,,,,
2026-04-11 21:43:43,77,2026-04-11T11:43:54.680Z,True,True,383674.0,2026-04-11 21:43:54.742,,,,,,,-1.0,-1.0,,,,,,,,,,,,,2141.0,2021.0,,,,,,,,,,,,,1063.0,2149.0,,,,,,,,,,,,,0.0,2069.0,,,,,,,,,,,,,2213.0,2126.0,,,,,,,,,,,,,1497.0,1579.0,,,,,,,,,,,,,-1.0,-1.0,,,,,,,126537.0,2026-04-11 21:43:54.743,,,,,,,-1.0,-1.0,,,,,,,,,,,,,3171.0,3932.0,,,,,,,,,,,,,3976.0,3539.0,,,,,,,,,,,,,2775.0,3132.0,,,,,,,,,,,,,3171.0,3253.0,,,,,,,,,,,,,2933.0,2063.0,,,,,,,,,,,,,-1.0,-1.0,,,,,,
2026-04-11 21:43:43,78,2026-04-11T11:43:54.731Z,True,True,383731.0,2026-04-11 21:43:54.756,,,,,,,-1.0,-1.0,,,,,,,,,,,,,2141.0,2023.0,,,,,,,,,,,,,1061.0,2149.0,,,,,,,,,,,,,0.0,2067.0,,,,,,,,,,,,,2212.0,2116.0,,,,,,,,,,,,,1529.0,1596.0,,,,,,,,,,,,,-1.0,-1.0,,,,,,,126594.0,2026-04-11 21:43:54.758,,,,,,,-1.0,-1.0,,,,,,,,,,,,,3135.0,3981.0,,,,,,,,,,,,,3963.0,3539.0,,,,,,,,,,,,,2780.0,3019.0,,,,,,,,,,,,,3048.0,3119.0,,,,,,,,,,,,,2919.0,2063.0,,,,,,,,,,,,,-1.0,-1.0,,,,,,
2026-04-11 21:43:43,79,2026-04-11T11:43:54.781Z,True,True,383776.0,2026-04-11 21:43:54.844,,,,,,,-1.0,-1.0,,,,,,,,,,,,,2139.0,2019.0,,,,,,,,,,,,,1063.0,2149.0,,,,,,,,,,,,,0.0,2068.0,,,,,,,,,,,,,2211.0,2131.0,,,,,,,,,,,,,1511.0,1586.0,,,,,,,,,,,,,-1.0,-1.0,,,,,,,126638.0,2026-04-11 21:43:54.844,,,,,,,-1.0,-1.0,,,,,,,,,,,,,3177.0,3961.0,,,,,,,,,,,,,3975.0,3539.0,,,,,,,,,,,,,2070.0,3127.0,,,,,,,,,,,,,3159.0,3253.0,,,,,,,,,,,,,3005.0,2063.0,,,,,,,,,,,,,-1.0,-1.0,,,,,,
2026-04-11 21:43:43,80,2026-04-11T11:43:54.832Z,True,True,383833.0,2026-04-11 21:43:54.861,,,,,,,-1.0,-1.0,,,,,,,,,,,,,2139.0,2019.0,,,,,,,,,,,,,1065.0,2149.0,,,,,,,,,,,,,0.0,2069.0,,,,,,,,,,,,,2212.0,2135.0,,,,,,,,,,,,,1502.0,1578.0,,,,,,,,,,,,,-1.0,-1.0,,,,,,,126695.0,2026-04-11 21:43:54.861,,,,,,,-1.0,-1.0,,,,,,,,,,,,,3102.0,3957.0,,,,,,,,,,,,,3960.0,3537.0,,,,,,,,,,,,,2789.0,3119.0,,,,,,,,,,,,,3156.0,3238.0,,,,,,,,,,,,,3003.0,2063.0,,,,,,,,,,,,,-1.0,-1.0,,,,,,
2026-04-11 21:43:43,81,2026-04-11T11:43:54.882Z,True,True,383876.0,2026-04-11 21:43:54.945,,,,,,,-1.0,-1.0,,,,,,,,,,,,,2140.0,2024.0,,,,,,,,,,,,,1063.0,2149.0,,,,,,,,,,,,,0.0,2067.0,,,,,,,,,,,,,2213.0,2118.0,,,,,,,,,,,,,1523.0,1593.0,,,,,,,,,,,,,-1.0,-1.0,,,,,,,126739.0,2026-04-11 21:43:54.942,,,,,,,-1.0,-1.0,,,,,,,,,,,,,3195.0,3965.0,,,,,,,,,,,,,3963.0,3535.0,,,,,,,,,,,,,2774.0,3135.0,,,,,,,,,,,,,3172.0,3258.0,,,,,,,,,,,,,3017.0,2065.0,,,,,,,,,,,,,-1.0,-1.0,,,,,,
2026-04-11 21:43:43,82,2026-04-11T11:43:54.932Z,True,True,383932.0,2026-04-11 21:43:54.963,,,,,,,-1.0,-1.0,,,,,,,,,,,,,2139.0,2021.0,,,,,,,,,,,,,1063.0,2149.0,,,,,,,,,,,,,0.0,2069.0,,,,,,,,,,,,,2211.0,2111.0,,,,,,,,,,,,,1524.0,1592.0,,,,,,,,,,,,,-1.0,-1.0,,,,,,,126794.0,2026-04-11 21:43:54.965,,,,,,,-1.0,-1.0,,,,,,,,,,,,,3187.0,3957.0,,,,,,,,,,,,,3961.0,3527.0,,,,,,,,,,,,,2799.0,3128.0,,,,,,,,,,,,,3166.0,3245.0,,,,,,,,,,,,,3007.0,2072.0,,,,,,,,,,,,,-1.0,-1.0,,,,,,
2026-04-11 21:43:43,83,2026-04-11T11:43:54.983Z,True,True,383977.0,2026-04-11 21:43:55.044,,,,,,,-1.0,-1.0,,,,,,,,,,,,,2141.0,2020.0,,,,,,,,,,,,,1060.0,2151.0,,,,,,,,,,,,,0.0,2069.0,,,,,,,,,,,,,2208.0,2119.0,,,,,,,,,,,,,1510.0,1607.0,,,,,,,,,,,,,-1.0,-1.0,,,,,,,126840.0,2026-04-11 21:43:55.043,,,,,,,-1.0,-1.0,,,,,,,,,,,,,2197.0,3963.0,,,,,,,,,,,,,3962.0,3533.0,,,,,,,,,,,,,2797.0,3125.0,,,,,,,,,,,,,3162.0,3247.0,,,,,,,,,,,,,3005.0,2063.0,,,,,,,,,,,,,-1.0,-1.0,,,,,,
2026-04-11 21:43:43,84,2026-04-11T11:43:55.033Z,True,True,384033.0,2026-04-11 21:43:55.061,,,,,,,-1.0,-1.0,,,,,,,,,,,,,2137.0,2021.0,,,,,,,,,,,,,1063.0,2142.0,,,,,,,,,,,,,0.0,2071.0,,,,,,,,,,,,,2211.0,1928.0,,,,,,,,,,,,,1688.0,1736.0,,,,,,,,,,,,,-1.0,-1.0,,,,,,,126895.0,2026-04-11 21:43:55.064,,,,,,,-1.0,-1.0,,,,,,,,,,,,,3163.0,3961.0,,,,,,,,,,,,,3967.0,3533.0,,,,,,,,,,,,,2778.0,3036.0,,,,,,,,,,,,,3067.0,3159.0,,,,,,,,,,,,,2951.0,2063.0,,,,,,,,,,,,,-1.0,-1.0,,,,,,
2026-04-11 21:43:43,85,2026-04-11T11:43:55.084Z,True,True,384078.0,2026-04-11 21:43:55.145,,,,,,,-1.0,-1.0,,,,,,,,,,,,,2139.0,2023.0,,,,,,,,,,,,,1062.0,2148.0,,,,,,,,,,,,,0.0,2067.0,,,,,,,,,,,,,2206.0,1935.0,,,,,,,,,,,,,1684.0,1737.0,,,,,,,,,,,,,-1.0,-1.0,,,,,,,126941.0,2026-04-11 21:43:55.144,,,,,,,-1.0,-1.0,,,,,,,,,,,,,3158.0,3939.0,,,,,,,,,,,,,3974.0,3533.0,,,,,,,,,,,,,2787.0,3026.0,,,,,,,,,,,,,3050.0,3131.0,,,,,,,,,,,,,2923.0,2058.0,,,,,,,,,,,,,-1.0,-1.0,,,,,,
2026-04-11 21:43:43,86,2026-04-11T11:43:55.134Z,True,True,384134.0,2026-04-11 21:43:55.164,,,,,,,-1.0,-1.0,,,,,,,,,,,,,2139.0,2021.0,,,,,,,,,,,,,1061.0,2148.0,,,,,,,,,,,,,0.0,2068.0,,,,,,,,,,,,,2211.0,2296.0,,,,,,,,,,,,,1356.0,1449.0,,,,,,,,,,,,,-1.0,-1.0,,,,,,,126995.0,2026-04-11 21:43:55.166,,,,,,,-1.0,-1.0,,,,,,,,,,,,,3156.0,3964.0,,,,,,,,,,,,,3975.0,3529.0,,,,,,,,,,,,,2776.0,3064.0,,,,,,,,,,,,,3109.0,3189.0,,,,,,,,,,,,,2966.0,2055.0,,,,,,,,,,,,,-1.0,-1.0,,,,,,
2026-04-11 21:43:43,87,2026-04-11T11:43:55.185Z,True,True,384181.0,2026-04-11 21:43:55.244,,,,,,,-1.0,-1.0,,,,,,,,,,,,,2141.0,2023.0,,,,,,,,,,,,,1061.0,2138.0,,,,,,,,,,,,,0.0,2060.0,,,,,,,,,,,,,2213.0,2295.0,,,,,,,,,,,,,1355.0,1449.0,,,,,,,,,,,,,-1.0,-1.0,,,,,,,127043.0,2026-04-11 21:43:55.244,,,,,,,-1.0,-1.0,,,,,,,,,,,,,3151.0,3964.0,,,,,,,,,,,,,3967.0,3533.0,,,,,,,,,,,,,2776.0,3107.0,,,,,,,,,,,,,3140.0,3224.0,,,,,,,,,,,,,2989.0,2041.0,,,,,,,,,,,,,-1.0,-1.0,,,,,,
2026-04-11 21:43:43,88,2026-04-11T11:43:55.235Z,True,True,384233.0,2026-04-11 21:43:55.256,,,,,,,-1.0,-1.0,,,,,,,,,,,,,2141.0,2020.0,,,,,,,,,,,,,1059.0,2137.0,,,,,,,,,,,,,0.0,2057.0,,,,,,,,,,,,,2208.0,2156.0,,,,,,,,,,,,,1479.0,1559.0,,,,,,,,,,,,,-1.0,-1.0,,,,,,,127096.0,2026-04-11 21:43:55.261,,,,,,,-1.0,-1.0,,,,,,,,,,,,,3144.0,3878.0,,,,,,,,,,,,,3973.0,3530.0,,,,,,,,,,,,,2749.0,3037.0,,,,,,,,,,,,,3079.0,3151.0,,,,,,,,,,,,,2932.0,2040.0,,,,,,,,,,,,,-1.0,-1.0,,,,,,
2026-04-11 21:43:43,89,2026-04-11T11:43:55.286Z,True,True,384280.0,2026-04-11 21:43:55.347,,,,,,,-1.0,-1.0,,,,,,,,,,,,,2140.0,2021.0,,,,,,,,,,,,,1063.0,2125.0,,,,,,,,,,,,,0.0,2045.0,,,,,,,,,,,,,2205.0,2139.0,,,,,,,,,,,,,1484.0,1561.0,,,,,,,,,,,,,-1.0,-1.0,,,,,,,127143.0,2026-04-11 21:43:55.348,,,,,,,-1.0,-1.0,,,,,,,,,,,,,3167.0,3973.0,,,,,,,,,,,,,3891.0,3549.0,,,,,,,,,,,,,2710.0,3059.0,,,,,,,,,,,,,3083.0,3142.0,,,,,,,,,,,,,2955.0,2027.0,,,,,,,,,,,,,-1.0,-1.0,,,,,,
2026-04-11 21:43:43,90,2026-04-11T11:43:55.336Z,True,True,384336.0,2026-04-11 21:43:55.364,,,,,,,-1.0,-1.0,,,,,,,,,,,,,2140.0,2019.0,,,,,,,,,,,,,1055.0,2117.0,,,,,,,,,,,,,0.0,2036.0,,,,,,,,,,,,,2202.0,2152.0,,,,,,,,,,,,,1468.0,1553.0,,,,,,,,,,,,,-1.0,-1.0,,,,,,,127198.0,2026-04-11 21:43:55.371,,,,,,,-1.0,-1.0,,,,,,,,,,,,,3145.0,3963.0,,,,,,,,,,,,,3965.0,3551.0,,,,,,,,,,,,,2679.0,3022.0,,,,,,,,,,,,,3016.0,3042.0,,,,,,,,,,,,,2936.0,2019.0,,,,,,,,,,,,,-1.0,-1.0,,,,,,
2026-04-11 21:43:43,91,2026-04-11T11:43:55.387Z,True,True,384381.0,2026-04-11 21:43:55.454,,,,,,,-1.0,-1.0,,,,,,,,,,,,,2141.0,2022.0,,,,,,,,,,,,,1055.0,2107.0,,,,,,,,,,,,,0.0,2023.0,,,,,,,,,,,,,2191.0,2231.0,,,,,,,,,,,,,1688.0,1736.0,,,,,,,,,,,,,-1.0,-1.0,,,,,,,127244.0,2026-04-11 21:43:55.457,,,,,,,-1.0,-1.0,,,,,,,,,,,,,3123.0,3964.0,,,,,,,,,,,,,3978.0,3546.0,,,,,,,,,,,,,2695.0,3055.0,,,,,,,,,,,,,3094.0,3171.0,,,,,,,,,,,,,2939.0,2020.0,,,,,,,,,,,,,-1.0,-1.0,,,,,,
2026-04-11 21:43:43,92,2026-04-11T11:43:55.437Z,True,True,384441.0,2026-04-11 21:43:55.476,,,,,,,-1.0,-1.0,,,,,,,,,,,,,2139.0,2023.0,,,,,,,,,,,,,1051.0,2103.0,,,,,,,,,,,,,0.0,2009.0,,,,,,,,,,,,,2175.0,1898.0,,,,,,,,,,,,,1677.0,1726.0,,,,,,,,,,,,,-1.0,-1.0,,,,,,,127304.0,2026-04-11 21:43:55.477,,,,,,,-1.0,-1.0,,,,,,,,,,,,,3087.0,3958.0,,,,,,,,,,,,,3973.0,3557.0,,,,,,,,,,,,,2655.0,3039.0,,,,,,,,,,,,,3097.0,3131.0,,,,,,,,,,,,,2900.0,2009.0,,,,,,,,,,,,,-1.0,-1.0,,,,,,
2026-04-11 21:43:43,93,2026-04-11T11:43:55.488Z,True,True,384483.0,2026-04-11 21:43:55.565,,,,,,,-1.0,-1.0,,,,,,,,,,,,,2140.0,2023.0,,,,,,,,,,,,,1045.0,2101.0,,,,,,,,,,,,,0.0,2007.0,,,,,,,,,,,,,2169.0,1901.0,,,,,,,,,,,,,1661.0,1715.0,,,,,,,,,,,,,-1.0,-1.0,,,,,,,127345.0,2026-04-11 21:43:55.552,,,,,,,-1.0,-1.0,,,,,,,,,,,,,3066.0,3952.0,,,,,,,,,,,,,3963.0,3543.0,,,,,,,,,,,,,2727.0,3046.0,,,,,,,,,,,,,3063.0,3157.0,,,,,,,,,,,,,2935.0,2010.0,,,,,,,,,,,,,-1.0,-1.0,,,,,,
2026-04-11 21:43:43,94,2026-04-11T11:43:55.538Z,True,True,384541.0,2026-04-11 21:43:55.579,,,,,,,-1.0,-1.0,,,,,,,,,,,,,2058.0,1942.0,,,,,,,,,,,,,981.0,2006.0,,,,,,,,,,,,,0.0,2007.0,,,,,,,,,,,,,2155.0,2285.0,,,,,,,,,,,,,1306.0,1397.0,,,,,,,,,,,,,-1.0,-1.0,,,,,,,127402.0,2026-04-11 21:43:55.571,,,,,,,-1.0,-1.0,,,,,,,,,,,,,3065.0,4013.0,,,,,,,,,,,,,3976.0,3545.0,,,,,,,,,,,,,2706.0,3034.0,,,,,,,,,,,,,3064.0,3145.0,,,,,,,,,,,,,2923.0,2005.0,,,,,,,,,,,,,-1.0,-1.0,,,,,,
2026-04-11 21:43:43,95,2026-04-11T11:43:55.589Z,True,True,384584.0,2026-04-11 21:43:55.649,,,,,,,-1.0,-1.0,,,,,,,,,,,,,2138.0,2027.0,,,,,,,,,,,,,1019.0,2101.0,,,,,,,,,,,,,0.0,1994.0,,,,,,,,,,,,,2149.0,2282.0,,,,,,,,,,,,,1298.0,1384.0,,,,,,,,,,,,,-1.0,-1.0,,,,,,,127446.0,2026-04-11 21:43:55.646,,,,,,,-1.0,-1.0,,,,,,,,,,,,,3143.0,3961.0,,,,,,,,,,,,,3974.0,3548.0,,,,,,,,,,,,,2703.0,3031.0,,,,,,,,,,,,,3061.0,3070.0,,,,,,,,,,,,,2917.0,2003.0,,,,,,,,,,,,,-1.0,-1.0,,,,,,
2026-04-11 21:43:43,96,2026-04-11T11:43:55.640Z,True,True,384635.0,2026-04-11 21:43:55.670,,,,,,,-1.0,-1.0,,,,,,,,,,,,,2136.0,2028.0,,,,,,,,,,,,,1013.0,2088.0,,,,,,,,,,,,,0.0,1990.0,,,,,,,,,,,,,2142.0,2278.0,,,,,,,,,,,,,1289.0,1379.0,,,,,,,,,,,,,-1.0,-1.0,,,,,,,127497.0,2026-04-11 21:43:55.670,,,,,,,-1.0,-1.0,,,,,,,,,,,,,3142.0,3967.0,,,,,,,,,,,,,3973.0,3548.0,,,,,,,,,,,,,2666.0,3039.0,,,,,,,,,,,,,3062.0,3146.0,,,,,,,,,,,,,2927.0,1995.0,,,,,,,,,,,,,-1.0,-1.0,,,,,,
2026-04-11 21:43:43,97,2026-04-11T11:43:55.690Z,True,True,384685.0,2026-04-11 21:43:55.759,,,,,,,-1.0,-1.0,,,,,,,,,,,,,2132.0,2026.0,,,,,,,,,,,,,1011.0,2069.0,,,,,,,,,,,,,0.0,1965.0,,,,,,,,,,,,,2145.0,2267.0,,,,,,,,,,,,,1289.0,1379.0,,,,,,,,,,,,,-1.0,-1.0,,,,,,,127547.0,2026-04-11 21:43:55.754,,,,,,,-1.0,-1.0,,,,,,,,,,,,,3135.0,3964.0,,,,,,,,,,,,,3977.0,3551.0,,,,,,,,,,,,,2653.0,3019.0,,,,,,,,,,,,,3060.0,3139.0,,,,,,,,,,,,,2918.0,1993.0,,,,,,,,,,,,,-1.0,-1.0,,,,,,
2026-04-11 21:43:43,98,2026-04-11T11:43:55.741Z,True,True,384743.0,2026-04-11 21:43:55.773,,,,,,,-1.0,-1.0,,,,,,,,,,,,,2089.0,1974.0,,,,,,,,,,,,,971.0,1995.0,,,,,,,,,,,,,0.0,1948.0,,,,,,,,,,,,,2149.0,2254.0,,,,,,,,,,,,,1291.0,1383.0,,,,,,,,,,,,,-1.0,-1.0,,,,,,,127605.0,2026-04-11 21:43:55.773,,,,,,,-1.0,-1.0,,,,,,,,,,,,,3132.0,3973.0,,,,,,,,,,,,,3979.0,3559.0,,,,,,,,,,,,,2643.0,2988.0,,,,,,,,,,,,,3019.0,3093.0,,,,,,,,,,,,,2888.0,1982.0,,,,,,,,,,,,,-1.0,-1.0,,,,,,
2026-04-11 21:43:43,99,2026-04-11T11:43:55.791Z,True,True,384786.0,2026-04-11 21:43:55.863,,,,,,,-1.0,-1.0,,,,,,,,,,,,,2133.0,2027.0,,,,,,,,,,,,,1006.0,2053.0,,,,,,,,,,,,,0.0,1945.0,,,,,,,,,,,,,2149.0,2255.0,,,,,,,,,,,,,1295.0,1386.0,,,,,,,,,,,,,-1.0,-1.0,,,,,,,127648.0,2026-04-11 21:43:55.851,,,,,,,-1.0,-1.0,,,,,,,,,,,,,3102.0,3961.0,,,,,,,,,,,,,3967.0,3544.0,,,,,,,,,,,,,2675.0,2927.0,,,,,,,,,,,,,2955.0,3019.0,,,,,,,,,,,,,2835.0,1973.0,,,,,,,,,,,,,-1.0,-1.0,,,,,,
2026-04-11 21:43:43,100,2026-04-11T11:43:55.842Z,True,True,384840.0,2026-04-11 21:43:55.875,,,,,,,-1.0,-1.0,,,,,,,,,,,,,2037.0,1938.0,,,,,,,,,,,,,948.0,2005.0,,,,,,,,,,,,,0.0,1945.0,,,,,,,,,,,,,2150.0,1865.0,,,,,,,,,,,,,1640.0,1687.0,,,,,,,,,,,,,-1.0,-1.0,,,,,,,127700.0,2026-04-11 21:43:55.868,,,,,,,-1.0,-1.0,,,,,,,,,,,,,3097.0,3975.0,,,,,,,,,,,,,3973.0,3557.0,,,,,,,,,,,,,2635.0,2952.0,,,,,,,,,,,,,2985.0,3061.0,,,,,,,,,,,,,2857.0,1975.0,,,,,,,,,,,,,-1.0,-1.0,,,,,,
2026-04-11 21:43:43,101,2026-04-11T11:43:55.893Z,True,True,384889.0,2026-04-11 21:43:55.961,,,,,,,-1.0,-1.0,,,,,,,,,,,,,2130.0,2027.0,,,,,,,,,,,,,1000.0,2045.0,,,,,,,,,,,,,0.0,1945.0,,,,,,,,,,,,,2151.0,1866.0,,,,,,,,,,,,,1637.0,1689.0,,,,,,,,,,,,,-1.0,-1.0,,,,,,,127751.0,2026-04-11 21:43:55.965,,,,,,,-1.0,-1.0,,,,,,,,,,,,,3065.0,3961.0,,,,,,,,,,,,,3973.0,3589.0,,,,,,,,,,,,,2613.0,2984.0,,,,,,,,,,,,,3002.0,3084.0,,,,,,,,,,,,,2885.0,1959.0,,,,,,,,,,,,,-1.0,-1.0,,,,,,
2026-04-11 21:43:43,102,2026-04-11T11:43:55.943Z,True,True,384939.0,2026-04-11 21:43:55.979,,,,,,,-1.0,-1.0,,,,,,,,,,,,,2125.0,2025.0,,,,,,,,,,,,,1005.0,2044.0,,,,,,,,,,,,,0.0,1874.0,,,,,,,,,,,,,2065.0,1780.0,,,,,,,,,,,,,1561.0,1608.0,,,,,,,,,,,,,-1.0,-1.0,,,,,,,127802.0,2026-04-11 21:43:55.986,,,,,,,-1.0,-1.0,,,,,,,,,,,,,3123.0,3973.0,,,,,,,,,,,,,3975.0,3541.0,,,,,,,,,,,,,2661.0,2996.0,,,,,,,,,,,,,3029.0,3101.0,,,,,,,,,,,,,2876.0,1967.0,,,,,,,,,,,,,-1.0,-1.0,,,,,,
2026-04-11 21:43:43,103,2026-04-11T11:43:55.994Z,True,True,384991.0,2026-04-11 21:43:56.061,,,,,,,-1.0,-1.0,,,,,,,,,,,,,2131.0,2025.0,,,,,,,,,,,,,1004.0,2053.0,,,,,,,,,,,,,0.0,1949.0,,,,,,,,,,,,,2154.0,1865.0,,,,,,,,,,,,,1639.0,1690.0,,,,,,,,,,,,,-1.0,-1.0,,,,,,,127851.0,2026-04-11 21:43:56.058,,,,,,,-1.0,-1.0,,,,,,,,,,,,,3103.0,4015.0,,,,,,,,,,,,,4013.0,3694.0,,,,,,,,,,,,,2031.0,3006.0,,,,,,,,,,,,,3043.0,3119.0,,,,,,,,,,,,,2907.0,1975.0,,,,,,,,,,,,,-1.0,-1.0,,,,,,
2026-04-11 21:43:43,104,2026-04-11T11:43:56.044Z,True,True,385042.0,2026-04-11 21:43:56.079,,,,,,,-1.0,-1.0,,,,,,,,,,,,,2129.0,2027.0,,,,,,,,,,,,,1005.0,2053.0,,,,,,,,,,,,,0.0,1949.0,,,,,,,,,,,,,2151.0,1865.0,,,,,,,,,,,,,1644.0,1689.0,,,,,,,,,,,,,-1.0,-1.0,,,,,,,127904.0,2026-04-11 21:43:56.075,,,,,,,-1.0,-1.0,,,,,,,,,,,,,3117.0,3997.0,,,,,,,,,,,,,4008.0,3695.0,,,,,,,,,,,,,2031.0,3014.0,,,,,,,,,,,,,3044.0,3119.0,,,,,,,,,,,,,2905.0,1971.0,,,,,,,,,,,,,-1.0,-1.0,,,,,,
2026-04-11 21:43:43,105,2026-04-11T11:43:56.095Z,True,True,385094.0,2026-04-11 21:43:56.172,,,,,,,-1.0,-1.0,,,,,,,,,,,,,2126.0,2028.0,,,,,,,,,,,,,1007.0,2045.0,,,,,,,,,,,,,0.0,1951.0,,,,,,,,,,,,,2154.0,1867.0,,,,,,,,,,,,,1641.0,1691.0,,,,,,,,,,,,,-1.0,-1.0,,,,,,,127955.0,2026-04-11 21:43:56.168,,,,,,,-1.0,-1.0,,,,,,,,,,,,,3144.0,3991.0,,,,,,,,,,,,,3990.0,3601.0,,,,,,,,,,,,,2035.0,2973.0,,,,,,,,,,,,,2999.0,3083.0,,,,,,,,,,,,,2875.0,1974.0,,,,,,,,,,,,,-1.0,-1.0,,,,,,
2026-04-11 21:43:43,106,2026-04-11T11:43:56.145Z,True,True,385155.0,2026-04-11 21:43:56.194,,,,,,,-1.0,-1.0,,,,,,,,,,,,,2126.0,2028.0,,,,,,,,,,,,,1003.0,2055.0,,,,,,,,,,,,,0.0,1948.0,,,,,,,,,,,,,2108.0,1829.0,,,,,,,,,,,,,1599.0,1687.0,,,,,,,,,,,,,-1.0,-1.0,,,,,,,128017.0,2026-04-11 21:43:56.192,,,,,,,-1.0,-1.0,,,,,,,,,,,,,3108.0,3979.0,,,,,,,,,,,,,3983.0,3593.0,,,,,,,,,,,,,2476.0,2927.0,,,,,,,,,,,,,2936.0,3019.0,,,,,,,,,,,,,2815.0,1973.0,,,,,,,,,,,,,-1.0,-1.0,,,,,,
2026-04-11 21:43:43,107,2026-04-11T11:43:56.195Z,True,True,385189.0,2026-04-11 21:43:56.263,,,,,,,-1.0,-1.0,,,,,,,,,,,,,2131.0,2024.0,,,,,,,,,,,,,1006.0,2045.0,,,,,,,,,,,,,0.0,1956.0,,,,,,,,,,,,,2157.0,1866.0,,,,,,,,,,,,,1645.0,1691.0,,,,,,,,,,,,,-1.0,-1.0,,,,,,,128052.0,2026-04-11 21:43:56.256,,,,,,,-1.0,-1.0,,,,,,,,,,,,,3116.0,3988.0,,,,,,,,,,,,,3990.0,3595.0,,,,,,,,,,,,,2477.0,3006.0,,,,,,,,,,,,,3037.0,3117.0,,,,,,,,,,,,,2903.0,1974.0,,,,,,,,,,,,,-1.0,-1.0,,,,,,
2026-04-11 21:43:43,108,2026-04-11T11:43:56.245Z,True,True,385245.0,2026-04-11 21:43:56.278,,,,,,,-1.0,-1.0,,,,,,,,,,,,,2124.0,2027.0,,,,,,,,,,,,,1006.0,2053.0,,,,,,,,,,,,,0.0,1957.0,,,,,,,,,,,,,2156.0,1867.0,,,,,,,,,,,,,1646.0,1695.0,,,,,,,,,,,,,-1.0,-1.0,,,,,,,128104.0,2026-04-11 21:43:56.276,,,,,,,-1.0,-1.0,,,,,,,,,,,,,3117.0,3987.0,,,,,,,,,,,,,3988.0,3593.0,,,,,,,,,,,,,2469.0,2986.0,,,,,,,,,,,,,3023.0,3100.0,,,,,,,,,,,,,2846.0,1977.0,,,,,,,,,,,,,-1.0,-1.0,,,,,,
2026-04-11 21:43:43,109,2026-04-11T11:43:56.296Z,True,True,385292.0,2026-04-11 21:43:56.356,,,,,,,-1.0,-1.0,,,,,,,,,,,,,2124.0,2029.0,,,,,,,,,,,,,1011.0,2055.0,,,,,,,,,,,,,0.0,1959.0,,,,,,,,,,,,,2156.0,1868.0,,,,,,,,,,,,,1647.0,1695.0,,,,,,,,,,,,,-1.0,-1.0,,,,,,,128153.0,2026-04-11 21:43:56.354,,,,,,,-1.0,-1.0,,,,,,,,,,,,,3125.0,3988.0,,,,,,,,,,,,,3989.0,3597.0,,,,,,,,,,,,,2037.0,2984.0,,,,,,,,,,,,,3021.0,3097.0,,,,,,,,,,,,,2897.0,1977.0,,,,,,,,,,,,,-1.0,-1.0,,,,,,
2026-04-11 21:43:43,110,2026-04-11T11:43:56.346Z,True,True,385343.0,2026-04-11 21:43:56.377,,,,,,,-1.0,-1.0,,,,,,,,,,,,,2125.0,2027.0,,,,,,,,,,,,,1005.0,2045.0,,,,,,,,,,,,,0.0,1959.0,,,,,,,,,,,,,2157.0,1869.0,,,,,,,,,,,,,1647.0,1696.0,,,,,,,,,,,,,-1.0,-1.0,,,,,,,128205.0,2026-04-11 21:43:56.379,,,,,,,-1.0,-1.0,,,,,,,,,,,,,3149.0,3975.0,,,,,,,,,,,,,3987.0,3597.0,,,,,,,,,,,,,2469.0,3001.0,,,,,,,,,,,,,3032.0,3112.0,,,,,,,,,,,,,2901.0,1975.0,,,,,,,,,,,,,-1.0,-1.0,,,,,,
2026-04-11 21:43:43,111,2026-04-11T11:43:56.397Z,True,True,385392.0,2026-04-11 21:43:56.458,,,,,,,-1.0,-1.0,,,,,,,,,,,,,2126.0,2027.0,,,,,,,,,,,,,1007.0,2056.0,,,,,,,,,,,,,0.0,1962.0,,,,,,,,,,,,,2155.0,1867.0,,,,,,,,,,,,,1647.0,1695.0,,,,,,,,,,,,,-1.0,-1.0,,,,,,,128254.0,2026-04-11 21:43:56.457,,,,,,,-1.0,-1.0,,,,,,,,,,,,,3059.0,3949.0,,,,,,,,,,,,,3968.0,3541.0,,,,,,,,,,,,,2718.0,3015.0,,,,,,,,,,,,,3045.0,3151.0,,,,,,,,,,,,,2915.0,1977.0,,,,,,,,,,,,,-1.0,-1.0,,,,,,
2026-04-11 21:43:43,112,2026-04-11T11:43:56.447Z,True,True,385442.0,2026-04-11 21:43:56.480,,,,,,,-1.0,-1.0,,,,,,,,,,,,,2126.0,2029.0,,,,,,,,,,,,,1010.0,2057.0,,,,,,,,,,,,,0.0,1961.0,,,,,,,,,,,,,2157.0,1867.0,,,,,,,,,,,,,1645.0,1691.0,,,,,,,,,,,,,-1.0,-1.0,,,,,,,128305.0,2026-04-11 21:43:56.479,,,,,,,-1.0,-1.0,,,,,,,,,,,,,3129.0,3964.0,,,,,,,,,,,,,3975.0,3545.0,,,,,,,,,,,,,2727.0,2992.0,,,,,,,,,,,,,3027.0,3036.0,,,,,,,,,,,,,2898.0,1974.0,,,,,,,,,,,,,-1.0,-1.0,,,,,,
2026-04-11 21:43:43,113,2026-04-11T11:43:56.498Z,True,True,385493.0,2026-04-11 21:43:56.560,,,,,,,-1.0,-1.0,,,,,,,,,,,,,2129.0,2025.0,,,,,,,,,,,,,1011.0,2056.0,,,,,,,,,,,,,0.0,1961.0,,,,,,,,,,,,,2158.0,1867.0,,,,,,,,,,,,,1647.0,1693.0,,,,,,,,,,,,,-1.0,-1.0,,,,,,,128355.0,2026-04-11 21:43:56.560,,,,,,,-1.0,-1.0,,,,,,,,,,,,,3135.0,3967.0,,,,,,,,,,,,,3975.0,3549.0,,,,,,,,,,,,,2599.0,2998.0,,,,,,,,,,,,,3029.0,3109.0,,,,,,,,,,,,,2899.0,1977.0,,,,,,,,,,,,,-1.0,-1.0,,,,,,
2026-04-11 21:43:43,114,2026-04-11T11:43:56.548Z,True,True,385543.0,2026-04-11 21:43:56.577,,,,,,,-1.0,-1.0,,,,,,,,,,,,,2131.0,1979.0,,,,,,,,,,,,,1021.0,2008.0,,,,,,,,,,,,,0.0,1914.0,,,,,,,,,,,,,2183.0,1867.0,,,,,,,,,,,,,1645.0,1696.0,,,,,,,,,,,,,-1.0,-1.0,,,,,,,128406.0,2026-04-11 21:43:56.576,,,,,,,-1.0,-1.0,,,,,,,,,,,,,3146.0,3977.0,,,,,,,,,,,,,3989.0,3592.0,,,,,,,,,,,,,2483.0,3015.0,,,,,,,,,,,,,3043.0,3119.0,,,,,,,,,,,,,2907.0,1977.0,,,,,,,,,,,,,-1.0,-1.0,,,,,,
2026-04-11 21:43:43,115,2026-04-11T11:43:56.599Z,True,True,385593.0,2026-04-11 21:43:56.661,,,,,,,-1.0,-1.0,,,,,,,,,,,,,2124.0,2029.0,,,,,,,,,,,,,1005.0,2059.0,,,,,,,,,,,,,0.0,1963.0,,,,,,,,,,,,,2159.0,1870.0,,,,,,,,,,,,,1651.0,1695.0,,,,,,,,,,,,,-1.0,-1.0,,,,,,,128456.0,2026-04-11 21:43:56.655,,,,,,,-1.0,-1.0,,,,,,,,,,,,,3133.0,3980.0,,,,,,,,,,,,,3981.0,3599.0,,,,,,,,,,,,,2467.0,3007.0,,,,,,,,,,,,,3043.0,3116.0,,,,,,,,,,,,,2875.0,1977.0,,,,,,,,,,,,,-1.0,-1.0,,,,,,
2026-04-11 21:43:43,116,2026-04-11T11:43:56.649Z,True,True,385644.0,2026-04-11 21:43:56.678,,,,,,,-1.0,-1.0,,,,,,,,,,,,,2125.0,1981.0,,,,,,,,,,,,,1018.0,2005.0,,,,,,,,,,,,,0.0,1917.0,,,,,,,,,,,,,2175.0,1865.0,,,,,,,,,,,,,1644.0,1700.0,,,,,,,,,,,,,-1.0,-1.0,,,,,,,128507.0,2026-04-11 21:43:56.678,,,,,,,-1.0,-1.0,,,,,,,,,,,,,3159.0,3999.0,,,,,,,,,,,,,3975.0,3545.0,,,,,,,,,,,,,2715.0,2975.0,,,,,,,,,,,,,3005.0,3079.0,,,,,,,,,,,,,2875.0,1981.0,,,,,,,,,,,,,-1.0,-1.0,,,,,,
2026-04-11 21:43:43,117,2026-04-11T11:43:56.700Z,True,True,385694.0,2026-04-11 21:43:56.757,,,,,,,-1.0,-1.0,,,,,,,,,,,,,2129.0,2025.0,,,,,,,,,,,,,1005.0,2059.0,,,,,,,,,,,,,0.0,1965.0,,,,,,,,,,,,,2160.0,1869.0,,,,,,,,,,,,,1651.0,1699.0,,,,,,,,,,,,,-1.0,-1.0,,,,,,,128556.0,2026-04-11 21:43:56.762,,,,,,,-1.0,-1.0,,,,,,,,,,,,,3143.0,3967.0,,,,,,,,,,,,,3973.0,3545.0,,,,,,,,,,,,,2715.0,2991.0,,,,,,,,,,,,,3016.0,3096.0,,,,,,,,,,,,,2889.0,1975.0,,,,,,,,,,,,,-1.0,-1.0,,,,,,
2026-04-11 21:43:43,118,2026-04-11T11:43:56.750Z,True,True,385745.0,2026-04-11 21:43:56.782,,,,,,,-1.0,-1.0,,,,,,,,,,,,,2125.0,2027.0,,,,,,,,,,,,,1007.0,2057.0,,,,,,,,,,,,,0.0,1963.0,,,,,,,,,,,,,2158.0,1868.0,,,,,,,,,,,,,1651.0,1695.0,,,,,,,,,,,,,-1.0,-1.0,,,,,,,128609.0,2026-04-11 21:43:56.779,,,,,,,-1.0,-1.0,,,,,,,,,,,,,3147.0,3999.0,,,,,,,,,,,,,4012.0,3693.0,,,,,,,,,,,,,2026.0,2984.0,,,,,,,,,,,,,2942.0,3087.0,,,,,,,,,,,,,2887.0,1975.0,,,,,,,,,,,,,-1.0,-1.0,,,,,,
2026-04-11 21:43:43,119,2026-04-11T11:43:56.800Z,True,True,385797.0,2026-04-11 21:43:56.857,,,,,,,-1.0,-1.0,,,,,,,,,,,,,2131.0,2025.0,,,,,,,,,,,,,1011.0,2059.0,,,,,,,,,,,,,0.0,1967.0,,,,,,,,,,,,,2159.0,1871.0,,,,,,,,,,,,,1647.0,1701.0,,,,,,,,,,,,,-1.0,-1.0,,,,,,,128658.0,2026-04-11 21:43:56.858,,,,,,,-1.0,-1.0,,,,,,,,,,,,,3135.0,3963.0,,,,,,,,,,,,,3967.0,3551.0,,,,,,,,,,,,,2705.0,2998.0,,,,,,,,,,,,,3027.0,3051.0,,,,,,,,,,,,,2899.0,1977.0,,,,,,,,,,,,,-1.0,-1.0,,,,,,
2026-04-11 21:43:43,120,2026-04-11T11:43:56.851Z,True,True,385846.0,2026-04-11 21:43:56.889,,,,,,,-1.0,-1.0,,,,,,,,,,,,,2129.0,2030.0,,,,,,,,,,,,,1011.0,2059.0,,,,,,,,,,,,,0.0,1965.0,,,,,,,,,,,,,2159.0,1870.0,,,,,,,,,,,,,1645.0,1699.0,,,,,,,,,,,,,-1.0,-1.0,,,,,,,128708.0,2026-04-11 21:43:56.884,,,,,,,-1.0,-1.0,,,,,,,,,,,,,3141.0,3961.0,,,,,,,,,,,,,3965.0,3547.0,,,,,,,,,,,,,2709.0,2955.0,,,,,,,,,,,,,2981.0,3044.0,,,,,,,,,,,,,2852.0,1980.0,,,,,,,,,,,,,-1.0,-1.0,,,,,,
2026-04-11 21:43:43,121,2026-04-11T11:43:56.901Z,True,True,385896.0,2026-04-11 21:43:56.960,,,,,,,-1.0,-1.0,,,,,,,,,,,,,2130.0,2025.0,,,,,,,,,,,,,1011.0,2059.0,,,,,,,,,,,,,0.0,1966.0,,,,,,,,,,,,,2160.0,1871.0,,,,,,,,,,,,,1647.0,1693.0,,,,,,,,,,,,,-1.0,-1.0,,,,,,,128758.0,2026-04-11 21:43:56.959,,,,,,,-1.0,-1.0,,,,,,,,,,,,,3174.0,3959.0,,,,,,,,,,,,,3975.0,3538.0,,,,,,,,,,,,,2718.0,2968.0,,,,,,,,,,,,,2997.0,3067.0,,,,,,,,,,,,,2871.0,1983.0,,,,,,,,,,,,,-1.0,-1.0,,,,,,
2026-04-11 21:43:43,122,2026-04-11T11:43:56.952Z,True,True,385947.0,2026-04-11 21:43:56.979,,,,,,,-1.0,-1.0,,,,,,,,,,,,,2131.0,2027.0,,,,,,,,,,,,,1012.0,2063.0,,,,,,,,,,,,,0.0,1967.0,,,,,,,,,,,,,2163.0,1874.0,,,,,,,,,,,,,1651.0,1700.0,,,,,,,,,,,,,-1.0,-1.0,,,,,,,128810.0,2026-04-11 21:43:56.979,,,,,,,-1.0,-1.0,,,,,,,,,,,,,3165.0,3977.0,,,,,,,,,,,,,3973.0,3547.0,,,,,,,,,,,,,2699.0,3007.0,,,,,,,,,,,,,3049.0,3132.0,,,,,,,,,,,,,2919.0,1991.0,,,,,,,,,,,,,-1.0,-1.0,,,,,,
2026-04-11 21:43:43,123,2026-04-11T11:43:57.002Z,True,True,385997.0,2026-04-11 21:43:57.060,,,,,,,-1.0,-1.0,,,,,,,,,,,,,2124.0,2027.0,,,,,,,,,,,,,1011.0,2059.0,,,,,,,,,,,,,0.0,1967.0,,,,,,,,,,,,,2159.0,1874.0,,,,,,,,,,,,,1647.0,1694.0,,,,,,,,,,,,,-1.0,-1.0,,,,,,,128859.0,2026-04-11 21:43:57.059,,,,,,,-1.0,-1.0,,,,,,,,,,,,,3227.0,3960.0,,,,,,,,,,,,,3965.0,3547.0,,,,,,,,,,,,,2695.0,2975.0,,,,,,,,,,,,,3013.0,2999.0,,,,,,,,,,,,,2885.0,1979.0,,,,,,,,,,,,,-1.0,-1.0,,,,,,
2026-04-11 21:43:43,124,2026-04-11T11:43:57.053Z,True,True,386047.0,2026-04-11 21:43:57.097,,,,,,,-1.0,-1.0,,,,,,,,,,,,,2130.0,2027.0,,,,,,,,,,,,,1006.0,2059.0,,,,,,,,,,,,,0.0,1968.0,,,,,,,,,,,,,2165.0,1877.0,,,,,,,,,,,,,1643.0,1693.0,,,,,,,,,,,,,-1.0,-1.0,,,,,,,128910.0,2026-04-11 21:43:57.085,,,,,,,-1.0,-1.0,,,,,,,,,,,,,3207.0,3959.0,,,,,,,,,,,,,3975.0,3543.0,,,,,,,,,,,,,2709.0,2997.0,,,,,,,,,,,,,3020.0,3035.0,,,,,,,,,,,,,2853.0,1981.0,,,,,,,,,,,,,-1.0,-1.0,,,,,,
2026-04-11 21:43:43,125,2026-04-11T11:43:57.103Z,True,True,386098.0,2026-04-11 21:43:57.162,,,,,,,-1.0,-1.0,,,,,,,,,,,,,2132.0,2028.0,,,,,,,,,,,,,1007.0,2063.0,,,,,,,,,,,,,0.0,1971.0,,,,,,,,,,,,,2163.0,1871.0,,,,,,,,,,,,,1647.0,1695.0,,,,,,,,,,,,,-1.0,-1.0,,,,,,,128960.0,2026-04-11 21:43:57.159,,,,,,,-1.0,-1.0,,,,,,,,,,,,,3209.0,4007.0,,,,,,,,,,,,,4012.0,3691.0,,,,,,,,,,,,,2037.0,2985.0,,,,,,,,,,,,,2079.0,3115.0,,,,,,,,,,,,,2907.0,1981.0,,,,,,,,,,,,,-1.0,-1.0,,,,,,
2026-04-11 21:43:43,126,2026-04-11T11:43:57.154Z,True,True,386150.0,2026-04-11 21:43:57.189,,,,,,,-1.0,-1.0,,,,,,,,,,,,,2131.0,2028.0,,,,,,,,,,,,,1011.0,2065.0,,,,,,,,,,,,,0.0,1972.0,,,,,,,,,,,,,2163.0,1876.0,,,,,,,,,,,,,1645.0,1695.0,,,,,,,,,,,,,-1.0,-1.0,,,,,,,129011.0,2026-04-11 21:43:57.177,,,,,,,-1.0,-1.0,,,,,,,,,,,,,3209.0,3964.0,,,,,,,,,,,,,3973.0,3545.0,,,,,,,,,,,,,2725.0,2971.0,,,,,,,,,,,,,3000.0,3069.0,,,,,,,,,,,,,2869.0,1981.0,,,,,,,,,,,,,-1.0,-1.0,,,,,,
2026-04-11 21:43:43,127,2026-04-11T11:43:57.204Z,True,True,386200.0,2026-04-11 21:43:57.264,,,,,,,-1.0,-1.0,,,,,,,,,,,,,2129.0,2029.0,,,,,,,,,,,,,1007.0,2063.0,,,,,,,,,,,,,0.0,1967.0,,,,,,,,,,,,,2165.0,1883.0,,,,,,,,,,,,,1640.0,1692.0,,,,,,,,,,,,,-1.0,-1.0,,,,,,,129061.0,2026-04-11 21:43:57.262,,,,,,,-1.0,-1.0,,,,,,,,,,,,,3205.0,3960.0,,,,,,,,,,,,,3974.0,3544.0,,,,,,,,,,,,,2717.0,2938.0,,,,,,,,,,,,,2992.0,3063.0,,,,,,,,,,,,,2871.0,1982.0,,,,,,,,,,,,,-1.0,-1.0,,,,,,
2026-04-11 21:43:43,128,2026-04-11T11:43:57.254Z,True,True,386252.0,2026-04-11 21:43:57.286,,,,,,,-1.0,-1.0,,,,,,,,,,,,,2133.0,2025.0,,,,,,,,,,,,,1010.0,2065.0,,,,,,,,,,,,,0.0,1967.0,,,,,,,,,,,,,2163.0,1897.0,,,,,,,,,,,,,1631.0,1683.0,,,,,,,,,,,,,-1.0,-1.0,,,,,,,129112.0,2026-04-11 21:43:57.286,,,,,,,-1.0,-1.0,,,,,,,,,,,,,3211.0,3963.0,,,,,,,,,,,,,3932.0,3549.0,,,,,,,,,,,,,2695.0,2969.0,,,,,,,,,,,,,2991.0,3064.0,,,,,,,,,,,,,2871.0,1983.0,,,,,,,,,,,,,-1.0,-1.0,,,,,,
2026-04-11 21:43:43,129,2026-04-11T11:43:57.305Z,True,True,386300.0,2026-04-11 21:43:57.364,,,,,,,-1.0,-1.0,,,,,,,,,,,,,2133.0,2027.0,,,,,,,,,,,,,1013.0,2065.0,,,,,,,,,,,,,0.0,1971.0,,,,,,,,,,,,,2163.0,1900.0,,,,,,,,,,,,,1625.0,1681.0,,,,,,,,,,,,,-1.0,-1.0,,,,,,,129162.0,2026-04-11 21:43:57.360,,,,,,,-1.0,-1.0,,,,,,,,,,,,,3164.0,3975.0,,,,,,,,,,,,,3974.0,3548.0,,,,,,,,,,,,,2679.0,2972.0,,,,,,,,,,,,,2991.0,3081.0,,,,,,,,,,,,,2875.0,1980.0,,,,,,,,,,,,,-1.0,-1.0,,,,,,
2026-04-11 21:43:43,130,2026-04-11T11:43:57.355Z,True,True,386352.0,2026-04-11 21:43:57.380,,,,,,,-1.0,-1.0,,,,,,,,,,,,,2133.0,2025.0,,,,,,,,,,,,,1011.0,2063.0,,,,,,,,,,,,,0.0,1971.0,,,,,,,,,,,,,2164.0,1897.0,,,,,,,,,,,,,1631.0,1683.0,,,,,,,,,,,,,-1.0,-1.0,,,,,,,129212.0,2026-04-11 21:43:57.378,,,,,,,-1.0,-1.0,,,,,,,,,,,,,3193.0,3975.0,,,,,,,,,,,,,3967.0,3549.0,,,,,,,,,,,,,2701.0,2955.0,,,,,,,,,,,,,2973.0,3055.0,,,,,,,,,,,,,2869.0,1983.0,,,,,,,,,,,,,-1.0,-1.0,,,,,,
2026-04-11 21:43:43,131,2026-04-11T11:43:57.406Z,True,True,386400.0,2026-04-11 21:43:57.462,,,,,,,-1.0,-1.0,,,,,,,,,,,,,2133.0,2028.0,,,,,,,,,,,,,1013.0,2065.0,,,,,,,,,,,,,0.0,1971.0,,,,,,,,,,,,,2165.0,1892.0,,,,,,,,,,,,,1637.0,1687.0,,,,,,,,,,,,,-1.0,-1.0,,,,,,,129263.0,2026-04-11 21:43:57.461,,,,,,,-1.0,-1.0,,,,,,,,,,,,,3193.0,3965.0,,,,,,,,,,,,,3961.0,3556.0,,,,,,,,,,,,,2661.0,3068.0,,,,,,,,,,,,,3107.0,3173.0,,,,,,,,,,,,,2955.0,1981.0,,,,,,,,,,,,,-1.0,-1.0,,,,,,
2026-04-11 21:43:43,132,2026-04-11T11:43:57.456Z,True,True,386452.0,2026-04-11 21:43:57.484,,,,,,,-1.0,-1.0,,,,,,,,,,,,,2127.0,2027.0,,,,,,,,,,,,,1007.0,2067.0,,,,,,,,,,,,,0.0,1973.0,,,,,,,,,,,,,2165.0,1893.0,,,,,,,,,,,,,1630.0,1685.0,,,,,,,,,,,,,-1.0,-1.0,,,,,,,129313.0,2026-04-11 21:43:57.482,,,,,,,-1.0,-1.0,,,,,,,,,,,,,3183.0,3976.0,,,,,,,,,,,,,3973.0,3559.0,,,,,,,,,,,,,2643.0,2905.0,,,,,,,,,,,,,2931.0,2991.0,,,,,,,,,,,,,2799.0,1983.0,,,,,,,,,,,,,-1.0,-1.0,,,,,,
2026-04-11 21:43:43,133,2026-04-11T11:43:57.507Z,True,True,386504.0,2026-04-11 21:43:57.565,,,,,,,-1.0,-1.0,,,,,,,,,,,,,2127.0,2027.0,,,,,,,,,,,,,1013.0,2063.0,,,,,,,,,,,,,0.0,1971.0,,,,,,,,,,,,,2163.0,1899.0,,,,,,,,,,,,,1627.0,1679.0,,,,,,,,,,,,,-1.0,-1.0,,,,,,,129365.0,2026-04-11 21:43:57.565,,,,,,,-1.0,-1.0,,,,,,,,,,,,,3155.0,3977.0,,,,,,,,,,,,,3973.0,3567.0,,,,,,,,,,,,,2027.0,2888.0,,,,,,,,,,,,,2904.0,2980.0,,,,,,,,,,,,,2827.0,1979.0,,,,,,,,,,,,,-1.0,-1.0,,,,,,
2026-04-11 21:43:43,134,2026-04-11T11:43:57.557Z,True,True,386553.0,2026-04-11 21:43:57.586,,,,,,,-1.0,-1.0,,,,,,,,,,,,,2127.0,2025.0,,,,,,,,,,,,,1012.0,2065.0,,,,,,,,,,,,,0.0,1972.0,,,,,,,,,,,,,2163.0,2257.0,,,,,,,,,,,,,1309.0,1403.0,,,,,,,,,,,,,-1.0,-1.0,,,,,,,129415.0,2026-04-11 21:43:57.584,,,,,,,-1.0,-1.0,,,,,,,,,,,,,3187.0,4008.0,,,,,,,,,,,,,4012.0,3691.0,,,,,,,,,,,,,2035.0,3027.0,,,,,,,,,,,,,3059.0,3143.0,,,,,,,,,,,,,2083.0,1983.0,,,,,,,,,,,,,-1.0,-1.0,,,,,,
2026-04-11 21:43:43,135,2026-04-11T11:43:57.608Z,True,True,386603.0,2026-04-11 21:43:57.667,,,,,,,-1.0,-1.0,,,,,,,,,,,,,2133.0,2028.0,,,,,,,,,,,,,1014.0,2069.0,,,,,,,,,,,,,0.0,1972.0,,,,,,,,,,,,,2168.0,2268.0,,,,,,,,,,,,,1304.0,1396.0,,,,,,,,,,,,,-1.0,-1.0,,,,,,,129465.0,2026-04-11 21:43:57.666,,,,,,,-1.0,-1.0,,,,,,,,,,,,,3197.0,3967.0,,,,,,,,,,,,,3977.0,3571.0,,,,,,,,,,,,,2580.0,3019.0,,,,,,,,,,,,,3032.0,2099.0,,,,,,,,,,,,,2941.0,1981.0,,,,,,,,,,,,,-1.0,-1.0,,,,,,
2026-04-11 21:43:43,136,2026-04-11T11:43:57.659Z,True,True,386654.0,2026-04-11 21:43:57.686,,,,,,,-1.0,-1.0,,,,,,,,,,,,,2131.0,2026.0,,,,,,,,,,,,,1013.0,2068.0,,,,,,,,,,,,,0.0,1975.0,,,,,,,,,,,,,2166.0,2265.0,,,,,,,,,,,,,1309.0,1399.0,,,,,,,,,,,,,-1.0,-1.0,,,,,,,129516.0,2026-04-11 21:43:57.684,,,,,,,-1.0,-1.0,,,,,,,,,,,,,3197.0,3967.0,,,,,,,,,,,,,4011.0,3515.0,,,,,,,,,,,,,2534.0,2953.0,,,,,,,,,,,,,2996.0,3099.0,,,,,,,,,,,,,2893.0,1983.0,,,,,,,,,,,,,-1.0,-1.0,,,,,,
2026-04-11 21:43:43,137,2026-04-11T11:43:57.709Z,True,True,386704.0,2026-04-11 21:43:57.767,,,,,,,-1.0,-1.0,,,,,,,,,,,,,2129.0,2025.0,,,,,,,,,,,,,1007.0,2067.0,,,,,,,,,,,,,0.0,1974.0,,,,,,,,,,,,,2167.0,2111.0,,,,,,,,,,,,,1447.0,1517.0,,,,,,,,,,,,,-1.0,-1.0,,,,,,,129567.0,2026-04-11 21:43:57.768,,,,,,,-1.0,-1.0,,,,,,,,,,,,,3182.0,3944.0,,,,,,,,,,,,,3967.0,3551.0,,,,,,,,,,,,,2720.0,2973.0,,,,,,,,,,,,,2967.0,3099.0,,,,,,,,,,,,,2899.0,1983.0,,,,,,,,,,,,,-1.0,-1.0,,,,,,
2026-04-11 21:43:43,138,2026-04-11T11:43:57.760Z,True,True,386754.0,2026-04-11 21:43:57.782,,,,,,,-1.0,-1.0,,,,,,,,,,,,,2132.0,2023.0,,,,,,,,,,,,,1007.0,2069.0,,,,,,,,,,,,,0.0,1971.0,,,,,,,,,,,,,2167.0,2099.0,,,,,,,,,,,,,1461.0,1543.0,,,,,,,,,,,,,-1.0,-1.0,,,,,,,129618.0,2026-04-11 21:43:57.788,,,,,,,-1.0,-1.0,,,,,,,,,,,,,3199.0,3958.0,,,,,,,,,,,,,3977.0,3689.0,,,,,,,,,,,,,2695.0,3000.0,,,,,,,,,,,,,3033.0,3108.0,,,,,,,,,,,,,2891.0,1983.0,,,,,,,,,,,,,-1.0,-1.0,,,,,,
2026-04-11 21:43:43,139,2026-04-11T11:43:57.810Z,True,True,386805.0,2026-04-11 21:43:57.867,,,,,,,-1.0,-1.0,,,,,,,,,,,,,2133.0,2028.0,,,,,,,,,,,,,1013.0,2067.0,,,,,,,,,,,,,0.0,1975.0,,,,,,,,,,,,,2168.0,2108.0,,,,,,,,,,,,,1427.0,1516.0,,,,,,,,,,,,,-1.0,-1.0,,,,,,,129667.0,2026-04-11 21:43:57.867,,,,,,,-1.0,-1.0,,,,,,,,,,,,,3209.0,3967.0,,,,,,,,,,,,,3966.0,3548.0,,,,,,,,,,,,,2698.0,2966.0,,,,,,,,,,,,,2991.0,3103.0,,,,,,,,,,,,,2907.0,1983.0,,,,,,,,,,,,,-1.0,-1.0,,,,,,
2026-04-11 21:43:43,140,2026-04-11T11:43:57.861Z,True,True,386857.0,2026-04-11 21:43:57.883,,,,,,,-1.0,-1.0,,,,,,,,,,,,,2131.0,2029.0,,,,,,,,,,,,,1014.0,2063.0,,,,,,,,,,,,,0.0,1973.0,,,,,,,,,,,,,2164.0,2085.0,,,,,,,,,,,,,1465.0,1543.0,,,,,,,,,,,,,-1.0,-1.0,,,,,,,129718.0,2026-04-11 21:43:57.887,,,,,,,-1.0,-1.0,,,,,,,,,,,,,3190.0,3964.0,,,,,,,,,,,,,3903.0,3545.0,,,,,,,,,,,,,2703.0,3003.0,,,,,,,,,,,,,3036.0,3114.0,,,,,,,,,,,,,2904.0,1989.0,,,,,,,,,,,,,-1.0,-1.0,,,,,,
2026-04-11 21:43:43,141,2026-04-11T11:43:57.911Z,True,True,386911.0,2026-04-11 21:43:57.968,,,,,,,-1.0,-1.0,,,,,,,,,,,,,2131.0,2024.0,,,,,,,,,,,,,1013.0,2068.0,,,,,,,,,,,,,0.0,1973.0,,,,,,,,,,,,,2168.0,2079.0,,,,,,,,,,,,,1468.0,1543.0,,,,,,,,,,,,,-1.0,-1.0,,,,,,,129772.0,2026-04-11 21:43:57.969,,,,,,,-1.0,-1.0,,,,,,,,,,,,,3189.0,3963.0,,,,,,,,,,,,,3965.0,3545.0,,,,,,,,,,,,,2734.0,2998.0,,,,,,,,,,,,,3028.0,3103.0,,,,,,,,,,,,,2903.0,1983.0,,,,,,,,,,,,,-1.0,-1.0,,,,,,
2026-04-11 21:43:43,142,2026-04-11T11:43:57.961Z,True,True,386956.0,2026-04-11 21:43:57.986,,,,,,,-1.0,-1.0,,,,,,,,,,,,,2131.0,2027.0,,,,,,,,,,,,,1011.0,2070.0,,,,,,,,,,,,,0.0,1975.0,,,,,,,,,,,,,2163.0,2041.0,,,,,,,,,,,,,1469.0,1565.0,,,,,,,,,,,,,-1.0,-1.0,,,,,,,129818.0,2026-04-11 21:43:57.993,,,,,,,-1.0,-1.0,,,,,,,,,,,,,3187.0,3964.0,,,,,,,,,,,,,3974.0,3452.0,,,,,,,,,,,,,2667.0,2950.0,,,,,,,,,,,,,3021.0,3097.0,,,,,,,,,,,,,2893.0,1996.0,,,,,,,,,,,,,-1.0,-1.0,,,,,,
2026-04-11 21:43:43,143,2026-04-11T11:43:58.012Z,True,True,387006.0,2026-04-11 21:43:58.069,,,,,,,-1.0,-1.0,,,,,,,,,,,,,2131.0,2025.0,,,,,,,,,,,,,1013.0,2067.0,,,,,,,,,,,,,0.0,1977.0,,,,,,,,,,,,,2165.0,2091.0,,,,,,,,,,,,,1459.0,1553.0,,,,,,,,,,,,,-1.0,-1.0,,,,,,,129869.0,2026-04-11 21:43:58.069,,,,,,,-1.0,-1.0,,,,,,,,,,,,,3180.0,3963.0,,,,,,,,,,,,,3980.0,3548.0,,,,,,,,,,,,,2678.0,2979.0,,,,,,,,,,,,,3005.0,3081.0,,,,,,,,,,,,,2873.0,1983.0,,,,,,,,,,,,,-1.0,-1.0,,,,,,
2026-04-11 21:43:43,144,2026-04-11T11:43:58.062Z,True,True,387057.0,2026-04-11 21:43:58.087,,,,,,,-1.0,-1.0,,,,,,,,,,,,,2129.0,2027.0,,,,,,,,,,,,,1013.0,2067.0,,,,,,,,,,,,,0.0,1976.0,,,,,,,,,,,,,2163.0,2069.0,,,,,,,,,,,,,1481.0,1549.0,,,,,,,,,,,,,-1.0,-1.0,,,,,,,129920.0,2026-04-11 21:43:58.086,,,,,,,-1.0,-1.0,,,,,,,,,,,,,3171.0,3961.0,,,,,,,,,,,,,3975.0,3547.0,,,,,,,,,,,,,2701.0,3003.0,,,,,,,,,,,,,3039.0,3117.0,,,,,,,,,,,,,2905.0,1983.0,,,,,,,,,,,,,-1.0,-1.0,,,,,,
2026-04-11 21:43:43,145,2026-04-11T11:43:58.113Z,True,True,387113.0,2026-04-11 21:43:58.172,,,,,,,-1.0,-1.0,,,,,,,,,,,,,2133.0,2026.0,,,,,,,,,,,,,1015.0,2068.0,,,,,,,,,,,,,0.0,1977.0,,,,,,,,,,,,,2167.0,2070.0,,,,,,,,,,,,,1481.0,1557.0,,,,,,,,,,,,,-1.0,-1.0,,,,,,,129975.0,2026-04-11 21:43:58.173,,,,,,,-1.0,-1.0,,,,,,,,,,,,,3177.0,3964.0,,,,,,,,,,,,,3963.0,3545.0,,,,,,,,,,,,,2699.0,3018.0,,,,,,,,,,,,,3047.0,3127.0,,,,,,,,,,,,,2917.0,1989.0,,,,,,,,,,,,,-1.0,-1.0,,,,,,
2026-04-11 21:43:43,146,2026-04-11T11:43:58.163Z,True,True,387158.0,2026-04-11 21:43:58.188,,,,,,,-1.0,-1.0,,,,,,,,,,,,,2131.0,2027.0,,,,,,,,,,,,,1015.0,2070.0,,,,,,,,,,,,,0.0,1977.0,,,,,,,,,,,,,2163.0,2076.0,,,,,,,,,,,,,1478.0,1553.0,,,,,,,,,,,,,-1.0,-1.0,,,,,,,130024.0,2026-04-11 21:43:58.190,,,,,,,-1.0,-1.0,,,,,,,,,,,,,3175.0,3973.0,,,,,,,,,,,,,3976.0,3689.0,,,,,,,,,,,,,2681.0,2997.0,,,,,,,,,,,,,3043.0,3118.0,,,,,,,,,,,,,2916.0,1988.0,,,,,,,,,,,,,-1.0,-1.0,,,,,,
2026-04-11 21:43:43,147,2026-04-11T11:43:58.214Z,True,True,387209.0,2026-04-11 21:43:58.272,,,,,,,-1.0,-1.0,,,,,,,,,,,,,2130.0,2028.0,,,,,,,,,,,,,1013.0,2069.0,,,,,,,,,,,,,0.0,1975.0,,,,,,,,,,,,,2166.0,2072.0,,,,,,,,,,,,,1486.0,1560.0,,,,,,,,,,,,,-1.0,-1.0,,,,,,,130072.0,2026-04-11 21:43:58.273,,,,,,,-1.0,-1.0,,,,,,,,,,,,,3183.0,3973.0,,,,,,,,,,,,,3979.0,3494.0,,,,,,,,,,,,,2680.0,3005.0,,,,,,,,,,,,,3043.0,3118.0,,,,,,,,,,,,,2915.0,1990.0,,,,,,,,,,,,,-1.0,-1.0,,,,,,
2026-04-11 21:43:43,148,2026-04-11T11:43:58.264Z,True,True,387260.0,2026-04-11 21:43:58.290,,,,,,,-1.0,-1.0,,,,,,,,,,,,,2132.0,2024.0,,,,,,,,,,,,,1007.0,2068.0,,,,,,,,,,,,,0.0,1976.0,,,,,,,,,,,,,2163.0,1883.0,,,,,,,,,,,,,1645.0,1695.0,,,,,,,,,,,,,-1.0,-1.0,,,,,,,130123.0,2026-04-11 21:43:58.288,,,,,,,-1.0,-1.0,,,,,,,,,,,,,3183.0,3963.0,,,,,,,,,,,,,3977.0,3564.0,,,,,,,,,,,,,2624.0,3001.0,,,,,,,,,,,,,3028.0,3099.0,,,,,,,,,,,,,2893.0,1984.0,,,,,,,,,,,,,-1.0,-1.0,,,,,,
2026-04-11 21:43:43,149,2026-04-11T11:43:58.315Z,True,True,387317.0,2026-04-11 21:43:58.386,,,,,,,-1.0,-1.0,,,,,,,,,,,,,2132.0,2025.0,,,,,,,,,,,,,1013.0,2068.0,,,,,,,,,,,,,0.0,1975.0,,,,,,,,,,,,,2167.0,1887.0,,,,,,,,,,,,,1641.0,1691.0,,,,,,,,,,,,,-1.0,-1.0,,,,,,,130179.0,2026-04-11 21:43:58.383,,,,,,,-1.0,-1.0,,,,,,,,,,,,,3183.0,3967.0,,,,,,,,,,,,,3973.0,3571.0,,,,,,,,,,,,,2635.0,2991.0,,,,,,,,,,,,,3014.0,3087.0,,,,,,,,,,,,,2888.0,1989.0,,,,,,,,,,,,,-1.0,-1.0,,,,,,
2026-04-11 21:43:43,150,2026-04-11T11:43:58.366Z,True,True,387363.0,2026-04-11 21:43:58.404,,,,,,,-1.0,-1.0,,,,,,,,,,,,,2133.0,2029.0,,,,,,,,,,,,,1013.0,2071.0,,,,,,,,,,,,,0.0,1977.0,,,,,,,,,,,,,2167.0,1892.0,,,,,,,,,,,,,1638.0,1692.0,,,,,,,,,,,,,-1.0,-1.0,,,,,,,130225.0,2026-04-11 21:43:58.398,,,,,,,-1.0,-1.0,,,,,,,,,,,,,3192.0,4010.0,,,,,,,,,,,,,4011.0,3691.0,,,,,,,,,,,,,2032.0,2965.0,,,,,,,,,,,,,3041.0,3143.0,,,,,,,,,,,,,2908.0,1990.0,,,,,,,,,,,,,-1.0,-1.0,,,,,,
2026-04-11 21:43:43,151,2026-04-11T11:43:58.416Z,True,True,387411.0,2026-04-11 21:43:58.476,,,,,,,-1.0,-1.0,,,,,,,,,,,,,2134.0,2028.0,,,,,,,,,,,,,1012.0,2067.0,,,,,,,,,,,,,0.0,1977.0,,,,,,,,,,,,,2168.0,1887.0,,,,,,,,,,,,,1644.0,1693.0,,,,,,,,,,,,,-1.0,-1.0,,,,,,,130274.0,2026-04-11 21:43:58.474,,,,,,,-1.0,-1.0,,,,,,,,,,,,,3194.0,3927.0,,,,,,,,,,,,,3987.0,3607.0,,,,,,,,,,,,,2479.0,2989.0,,,,,,,,,,,,,3000.0,3019.0,,,,,,,,,,,,,2900.0,1983.0,,,,,,,,,,,,,-1.0,-1.0,,,,,,
2026-04-11 21:43:43,152,2026-04-11T11:43:58.467Z,True,True,387464.0,2026-04-11 21:43:58.492,,,,,,,-1.0,-1.0,,,,,,,,,,,,,2133.0,2027.0,,,,,,,,,,,,,1015.0,2072.0,,,,,,,,,,,,,0.0,1979.0,,,,,,,,,,,,,2165.0,2107.0,,,,,,,,,,,,,1460.0,1540.0,,,,,,,,,,,,,-1.0,-1.0,,,,,,,130325.0,2026-04-11 21:43:58.490,,,,,,,-1.0,-1.0,,,,,,,,,,,,,3155.0,3983.0,,,,,,,,,,,,,3987.0,3597.0,,,,,,,,,,,,,2479.0,2995.0,,,,,,,,,,,,,3003.0,3059.0,,,,,,,,,,,,,2903.0,1991.0,,,,,,,,,,,,,-1.0,-1.0,,,,,,
2026-04-11 21:43:43,153,2026-04-11T11:43:58.517Z,True,True,387516.0,2026-04-11 21:43:58.574,,,,,,,-1.0,-1.0,,,,,,,,,,,,,2131.0,2025.0,,,,,,,,,,,,,1013.0,2067.0,,,,,,,,,,,,,0.0,1977.0,,,,,,,,,,,,,2167.0,2091.0,,,,,,,,,,,,,1459.0,1531.0,,,,,,,,,,,,,-1.0,-1.0,,,,,,,130378.0,2026-04-11 21:43:58.575,,,,,,,-1.0,-1.0,,,,,,,,,,,,,3183.0,3991.0,,,,,,,,,,,,,3980.0,3594.0,,,,,,,,,,,,,2480.0,2987.0,,,,,,,,,,,,,2987.0,3065.0,,,,,,,,,,,,,2901.0,1983.0,,,,,,,,,,,,,-1.0,-1.0,,,,,,
2026-04-11 21:43:43,154,2026-04-11T11:43:58.567Z,True,True,387562.0,2026-04-11 21:43:58.593,,,,,,,-1.0,-1.0,,,,,,,,,,,,,2131.0,2025.0,,,,,,,,,,,,,1015.0,2071.0,,,,,,,,,,,,,0.0,1979.0,,,,,,,,,,,,,2169.0,2223.0,,,,,,,,,,,,,1343.0,1426.0,,,,,,,,,,,,,-1.0,-1.0,,,,,,,130425.0,2026-04-11 21:43:58.592,,,,,,,-1.0,-1.0,,,,,,,,,,,,,3181.0,3986.0,,,,,,,,,,,,,3981.0,3594.0,,,,,,,,,,,,,2488.0,3017.0,,,,,,,,,,,,,3048.0,3102.0,,,,,,,,,,,,,2914.0,1981.0,,,,,,,,,,,,,-1.0,-1.0,,,,,,
2026-04-11 21:43:43,155,2026-04-11T11:43:58.618Z,True,True,387618.0,2026-04-11 21:43:58.677,,,,,,,-1.0,-1.0,,,,,,,,,,,,,2133.0,2029.0,,,,,,,,,,,,,1011.0,2069.0,,,,,,,,,,,,,0.0,1979.0,,,,,,,,,,,,,2169.0,1890.0,,,,,,,,,,,,,1642.0,1691.0,,,,,,,,,,,,,-1.0,-1.0,,,,,,,130480.0,2026-04-11 21:43:58.677,,,,,,,-1.0,-1.0,,,,,,,,,,,,,3193.0,3967.0,,,,,,,,,,,,,3985.0,3601.0,,,,,,,,,,,,,2487.0,2971.0,,,,,,,,,,,,,2989.0,3063.0,,,,,,,,,,,,,2870.0,1990.0,,,,,,,,,,,,,-1.0,-1.0,,,,,,
2026-04-11 21:43:43,156,2026-04-11T11:43:58.669Z,True,True,387665.0,2026-04-11 21:43:58.693,,,,,,,-1.0,-1.0,,,,,,,,,,,,,2132.0,2027.0,,,,,,,,,,,,,1015.0,2069.0,,,,,,,,,,,,,0.0,1977.0,,,,,,,,,,,,,2165.0,1893.0,,,,,,,,,,,,,1640.0,1689.0,,,,,,,,,,,,,-1.0,-1.0,,,,,,,130527.0,2026-04-11 21:43:58.692,,,,,,,-1.0,-1.0,,,,,,,,,,,,,3191.0,3987.0,,,,,,,,,,,,,3988.0,3607.0,,,,,,,,,,,,,2480.0,3093.0,,,,,,,,,,,,,3111.0,3195.0,,,,,,,,,,,,,2967.0,1989.0,,,,,,,,,,,,,-1.0,-1.0,,,,,,
2026-04-11 21:43:43,157,2026-04-11T11:43:58.719Z,True,True,387721.0,2026-04-11 21:43:58.777,,,,,,,-1.0,-1.0,,,,,,,,,,,,,2133.0,2028.0,,,,,,,,,,,,,1015.0,2069.0,,,,,,,,,,,,,0.0,1979.0,,,,,,,,,,,,,2167.0,1900.0,,,,,,,,,,,,,1635.0,1682.0,,,,,,,,,,,,,-1.0,-1.0,,,,,,,130580.0,2026-04-11 21:43:58.778,,,,,,,-1.0,-1.0,,,,,,,,,,,,,3187.0,3979.0,,,,,,,,,,,,,3992.0,3597.0,,,,,,,,,,,,,2487.0,3027.0,,,,,,,,,,,,,3061.0,3143.0,,,,,,,,,,,,,2924.0,1988.0,,,,,,,,,,,,,-1.0,-1.0,,,,,,
2026-04-11 21:43:43,158,2026-04-11T11:43:58.770Z,True,True,387765.0,2026-04-11 21:43:58.793,,,,,,,-1.0,-1.0,,,,,,,,,,,,,2131.0,2024.0,,,,,,,,,,,,,1014.0,2069.0,,,,,,,,,,,,,0.0,1981.0,,,,,,,,,,,,,2167.0,1901.0,,,,,,,,,,,,,1634.0,1683.0,,,,,,,,,,,,,-1.0,-1.0,,,,,,,130629.0,2026-04-11 21:43:58.797,,,,,,,-1.0,-1.0,,,,,,,,,,,,,3189.0,3960.0,,,,,,,,,,,,,3960.0,3539.0,,,,,,,,,,,,,2783.0,3020.0,,,,,,,,,,,,,3047.0,3125.0,,,,,,,,,,,,,2909.0,1989.0,,,,,,,,,,,,,-1.0,-1.0,,,,,,
2026-04-11 21:43:43,159,2026-04-11T11:43:58.820Z,True,True,387823.0,2026-04-11 21:43:58.878,,,,,,,-1.0,-1.0,,,,,,,,,,,,,2133.0,2025.0,,,,,,,,,,,,,1012.0,2071.0,,,,,,,,,,,,,0.0,1979.0,,,,,,,,,,,,,2167.0,2154.0,,,,,,,,,,,,,1399.0,1490.0,,,,,,,,,,,,,-1.0,-1.0,,,,,,,130682.0,2026-04-11 21:43:58.877,,,,,,,-1.0,-1.0,,,,,,,,,,,,,3180.0,3951.0,,,,,,,,,,,,,3973.0,3529.0,,,,,,,,,,,,,2780.0,2995.0,,,,,,,,,,,,,2088.0,3113.0,,,,,,,,,,,,,2901.0,1988.0,,,,,,,,,,,,,-1.0,-1.0,,,,,,
2026-04-11 21:43:43,160,2026-04-11T11:43:58.871Z,True,True,387866.0,2026-04-11 21:43:58.893,,,,,,,-1.0,-1.0,,,,,,,,,,,,,2131.0,2025.0,,,,,,,,,,,,,1017.0,2072.0,,,,,,,,,,,,,0.0,1978.0,,,,,,,,,,,,,2168.0,2095.0,,,,,,,,,,,,,1461.0,1531.0,,,,,,,,,,,,,-1.0,-1.0,,,,,,,130728.0,2026-04-11 21:43:58.895,,,,,,,-1.0,-1.0,,,,,,,,,,,,,3191.0,3961.0,,,,,,,,,,,,,3967.0,3533.0,,,,,,,,,,,,,2779.0,3053.0,,,,,,,,,,,,,3093.0,3172.0,,,,,,,,,,,,,2942.0,1990.0,,,,,,,,,,,,,-1.0,-1.0,,,,,,
2026-04-11 21:43:43,161,2026-04-11T11:43:58.921Z,True,True,387919.0,2026-04-11 21:43:58.980,,,,,,,-1.0,-1.0,,,,,,,,,,,,,2135.0,2027.0,,,,,,,,,,,,,1013.0,2072.0,,,,,,,,,,,,,0.0,1979.0,,,,,,,,,,,,,2168.0,2120.0,,,,,,,,,,,,,1448.0,1553.0,,,,,,,,,,,,,-1.0,-1.0,,,,,,,130781.0,2026-04-11 21:43:58.978,,,,,,,-1.0,-1.0,,,,,,,,,,,,,3179.0,3965.0,,,,,,,,,,,,,3975.0,3691.0,,,,,,,,,,,,,2682.0,3037.0,,,,,,,,,,,,,3064.0,3150.0,,,,,,,,,,,,,2927.0,1989.0,,,,,,,,,,,,,-1.0,-1.0,,,,,,
2026-04-11 21:43:43,162,2026-04-11T11:43:58.972Z,True,True,387968.0,2026-04-11 21:43:58.998,,,,,,,-1.0,-1.0,,,,,,,,,,,,,2129.0,2028.0,,,,,,,,,,,,,1015.0,2071.0,,,,,,,,,,,,,0.0,1981.0,,,,,,,,,,,,,2171.0,2069.0,,,,,,,,,,,,,1481.0,1551.0,,,,,,,,,,,,,-1.0,-1.0,,,,,,,130829.0,2026-04-11 21:43:58.995,,,,,,,-1.0,-1.0,,,,,,,,,,,,,3199.0,3963.0,,,,,,,,,,,,,3967.0,3537.0,,,,,,,,,,,,,2771.0,2077.0,,,,,,,,,,,,,3113.0,3192.0,,,,,,,,,,,,,2973.0,1994.0,,,,,,,,,,,,,-1.0,-1.0,,,,,,
2026-04-11 21:43:43,163,2026-04-11T11:43:59.023Z,True,True,388021.0,2026-04-11 21:43:59.079,,,,,,,-1.0,-1.0,,,,,,,,,,,,,2135.0,2027.0,,,,,,,,,,,,,1016.0,2071.0,,,,,,,,,,,,,0.0,1980.0,,,,,,,,,,,,,2167.0,2096.0,,,,,,,,,,,,,1461.0,1527.0,,,,,,,,,,,,,-1.0,-1.0,,,,,,,130883.0,2026-04-11 21:43:59.078,,,,,,,-1.0,-1.0,,,,,,,,,,,,,3177.0,3961.0,,,,,,,,,,,,,3933.0,3544.0,,,,,,,,,,,,,2745.0,3063.0,,,,,,,,,,,,,3112.0,3183.0,,,,,,,,,,,,,2961.0,1990.0,,,,,,,,,,,,,-1.0,-1.0,,,,,,
2026-04-11 21:43:43,164,2026-04-11T11:43:59.073Z,True,True,388068.0,2026-04-11 21:43:59.096,,,,,,,-1.0,-1.0,,,,,,,,,,,,,2127.0,2027.0,,,,,,,,,,,,,1017.0,2073.0,,,,,,,,,,,,,0.0,1979.0,,,,,,,,,,,,,2169.0,1978.0,,,,,,,,,,,,,1567.0,1637.0,,,,,,,,,,,,,-1.0,-1.0,,,,,,,130930.0,2026-04-11 21:43:59.097,,,,,,,-1.0,-1.0,,,,,,,,,,,,,3179.0,3986.0,,,,,,,,,,,,,3987.0,3595.0,,,,,,,,,,,,,2489.0,3089.0,,,,,,,,,,,,,3111.0,3207.0,,,,,,,,,,,,,2983.0,1952.0,,,,,,,,,,,,,-1.0,-1.0,,,,,,
2026-04-11 21:43:43,165,2026-04-11T11:43:59.124Z,True,True,388122.0,2026-04-11 21:43:59.182,,,,,,,-1.0,-1.0,,,,,,,,,,,,,2133.0,2028.0,,,,,,,,,,,,,1011.0,2067.0,,,,,,,,,,,,,0.0,1978.0,,,,,,,,,,,,,2167.0,2077.0,,,,,,,,,,,,,1479.0,1555.0,,,,,,,,,,,,,-1.0,-1.0,,,,,,,130983.0,2026-04-11 21:43:59.180,,,,,,,-1.0,-1.0,,,,,,,,,,,,,3177.0,3973.0,,,,,,,,,,,,,3963.0,3533.0,,,,,,,,,,,,,2767.0,3099.0,,,,,,,,,,,,,3128.0,3117.0,,,,,,,,,,,,,2983.0,1993.0,,,,,,,,,,,,,-1.0,-1.0,,,,,,
2026-04-11 21:43:43,166,2026-04-11T11:43:59.174Z,True,True,388170.0,2026-04-11 21:43:59.200,,,,,,,-1.0,-1.0,,,,,,,,,,,,,2133.0,2025.0,,,,,,,,,,,,,1014.0,2069.0,,,,,,,,,,,,,0.0,1980.0,,,,,,,,,,,,,2167.0,2094.0,,,,,,,,,,,,,1461.0,1531.0,,,,,,,,,,,,,-1.0,-1.0,,,,,,,131032.0,2026-04-11 21:43:59.198,,,,,,,-1.0,-1.0,,,,,,,,,,,,,3179.0,3959.0,,,,,,,,,,,,,3960.0,3516.0,,,,,,,,,,,,,2851.0,3101.0,,,,,,,,,,,,,3144.0,3228.0,,,,,,,,,,,,,2989.0,1991.0,,,,,,,,,,,,,-1.0,-1.0,,,,,,
2026-04-11 21:43:43,167,2026-04-11T11:43:59.224Z,True,True,388221.0,2026-04-11 21:43:59.284,,,,,,,-1.0,-1.0,,,,,,,,,,,,,2133.0,2028.0,,,,,,,,,,,,,1015.0,2071.0,,,,,,,,,,,,,0.0,1980.0,,,,,,,,,,,,,2167.0,2095.0,,,,,,,,,,,,,1453.0,1525.0,,,,,,,,,,,,,-1.0,-1.0,,,,,,,131082.0,2026-04-11 21:43:59.282,,,,,,,-1.0,-1.0,,,,,,,,,,,,,3161.0,3977.0,,,,,,,,,,,,,3991.0,3595.0,,,,,,,,,,,,,2487.0,3131.0,,,,,,,,,,,,,3165.0,3253.0,,,,,,,,,,,,,3001.0,1991.0,,,,,,,,,,,,,-1.0,-1.0,,,,,,
2026-04-11 21:43:43,168,2026-04-11T11:43:59.275Z,True,True,388271.0,2026-04-11 21:43:59.300,,,,,,,-1.0,-1.0,,,,,,,,,,,,,2132.0,2023.0,,,,,,,,,,,,,1012.0,2073.0,,,,,,,,,,,,,0.0,1977.0,,,,,,,,,,,,,2169.0,2087.0,,,,,,,,,,,,,1469.0,1547.0,,,,,,,,,,,,,-1.0,-1.0,,,,,,,131133.0,2026-04-11 21:43:59.299,,,,,,,-1.0,-1.0,,,,,,,,,,,,,3167.0,3987.0,,,,,,,,,,,,,3995.0,3605.0,,,,,,,,,,,,,2473.0,3127.0,,,,,,,,,,,,,3161.0,3253.0,,,,,,,,,,,,,3003.0,1991.0,,,,,,,,,,,,,-1.0,-1.0,,,,,,
2026-04-11 21:43:43,169,2026-04-11T11:43:59.325Z,True,True,388326.0,2026-04-11 21:43:59.384,,,,,,,-1.0,-1.0,,,,,,,,,,,,,2129.0,2027.0,,,,,,,,,,,,,1015.0,2069.0,,,,,,,,,,,,,0.0,1981.0,,,,,,,,,,,,,2166.0,2083.0,,,,,,,,,,,,,1471.0,1545.0,,,,,,,,,,,,,-1.0,-1.0,,,,,,,131184.0,2026-04-11 21:43:59.382,,,,,,,-1.0,-1.0,,,,,,,,,,,,,3173.0,3963.0,,,,,,,,,,,,,3968.0,3540.0,,,,,,,,,,,,,2741.0,3103.0,,,,,,,,,,,,,3141.0,3222.0,,,,,,,,,,,,,2979.0,1989.0,,,,,,,,,,,,,-1.0,-1.0,,,,,,
2026-04-11 21:43:43,170,2026-04-11T11:43:59.375Z,True,True,388371.0,2026-04-11 21:43:59.402,,,,,,,-1.0,-1.0,,,,,,,,,,,,,2130.0,2028.0,,,,,,,,,,,,,1015.0,2071.0,,,,,,,,,,,,,0.0,1980.0,,,,,,,,,,,,,2166.0,2079.0,,,,,,,,,,,,,1467.0,1545.0,,,,,,,,,,,,,-1.0,-1.0,,,,,,,131233.0,2026-04-11 21:43:59.400,,,,,,,-1.0,-1.0,,,,,,,,,,,,,3147.0,3987.0,,,,,,,,,,,,,3961.0,3517.0,,,,,,,,,,,,,2848.0,3109.0,,,,,,,,,,,,,3145.0,3230.0,,,,,,,,,,,,,2983.0,1995.0,,,,,,,,,,,,,-1.0,-1.0,,,,,,
2026-04-11 21:43:43,171,2026-04-11T11:43:59.426Z,True,True,388421.0,2026-04-11 21:43:59.484,,,,,,,-1.0,-1.0,,,,,,,,,,,,,2133.0,2029.0,,,,,,,,,,,,,1015.0,2072.0,,,,,,,,,,,,,0.0,1981.0,,,,,,,,,,,,,2165.0,2085.0,,,,,,,,,,,,,1469.0,1547.0,,,,,,,,,,,,,-1.0,-1.0,,,,,,,131283.0,2026-04-11 21:43:59.483,,,,,,,-1.0,-1.0,,,,,,,,,,,,,3117.0,3985.0,,,,,,,,,,,,,3993.0,3601.0,,,,,,,,,,,,,2479.0,3114.0,,,,,,,,,,,,,3149.0,3231.0,,,,,,,,,,,,,2989.0,1988.0,,,,,,,,,,,,,-1.0,-1.0,,,,,,
2026-04-11 21:43:43,172,2026-04-11T11:43:59.477Z,True,True,388472.0,2026-04-11 21:43:59.500,,,,,,,-1.0,-1.0,,,,,,,,,,,,,2135.0,2027.0,,,,,,,,,,,,,1015.0,2070.0,,,,,,,,,,,,,0.0,1982.0,,,,,,,,,,,,,2170.0,2086.0,,,,,,,,,,,,,1468.0,1546.0,,,,,,,,,,,,,-1.0,-1.0,,,,,,,131334.0,2026-04-11 21:43:59.501,,,,,,,-1.0,-1.0,,,,,,,,,,,,,3172.0,3980.0,,,,,,,,,,,,,3987.0,3595.0,,,,,,,,,,,,,2485.0,3118.0,,,,,,,,,,,,,3151.0,3174.0,,,,,,,,,,,,,2997.0,1991.0,,,,,,,,,,,,,-1.0,-1.0,,,,,,
2026-04-11 21:43:43,173,2026-04-11T11:43:59.527Z,True,True,388522.0,2026-04-11 21:43:59.583,,,,,,,-1.0,-1.0,,,,,,,,,,,,,2135.0,2024.0,,,,,,,,,,,,,1015.0,2071.0,,,,,,,,,,,,,0.0,1981.0,,,,,,,,,,,,,2169.0,2080.0,,,,,,,,,,,,,1479.0,1549.0,,,,,,,,,,,,,-1.0,-1.0,,,,,,,131385.0,2026-04-11 21:43:59.584,,,,,,,-1.0,-1.0,,,,,,,,,,,,,3171.0,3977.0,,,,,,,,,,,,,3989.0,3592.0,,,,,,,,,,,,,2486.0,3091.0,,,,,,,,,,,,,3133.0,3224.0,,,,,,,,,,,,,2984.0,1989.0,,,,,,,,,,,,,-1.0,-1.0,,,,,,
2026-04-11 21:43:43,174,2026-04-11T11:43:59.577Z,True,True,388572.0,2026-04-11 21:43:59.601,,,,,,,-1.0,-1.0,,,,,,,,,,,,,2131.0,2028.0,,,,,,,,,,,,,1015.0,2071.0,,,,,,,,,,,,,0.0,1979.0,,,,,,,,,,,,,2167.0,2085.0,,,,,,,,,,,,,1469.0,1548.0,,,,,,,,,,,,,-1.0,-1.0,,,,,,,131434.0,2026-04-11 21:43:59.601,,,,,,,-1.0,-1.0,,,,,,,,,,,,,3172.0,3965.0,,,,,,,,,,,,,3964.0,3513.0,,,,,,,,,,,,,2856.0,3099.0,,,,,,,,,,,,,3135.0,3221.0,,,,,,,,,,,,,2982.0,1989.0,,,,,,,,,,,,,-1.0,-1.0,,,,,,
2026-04-11 21:43:43,175,2026-04-11T11:43:59.628Z,True,True,388626.0,2026-04-11 21:43:59.689,,,,,,,-1.0,-1.0,,,,,,,,,,,,,2134.0,2025.0,,,,,,,,,,,,,1015.0,2074.0,,,,,,,,,,,,,0.0,1983.0,,,,,,,,,,,,,2168.0,2076.0,,,,,,,,,,,,,1469.0,1545.0,,,,,,,,,,,,,-1.0,-1.0,,,,,,,131486.0,2026-04-11 21:43:59.687,,,,,,,-1.0,-1.0,,,,,,,,,,,,,3164.0,3967.0,,,,,,,,,,,,,3960.0,3689.0,,,,,,,,,,,,,2740.0,3089.0,,,,,,,,,,,,,3125.0,3208.0,,,,,,,,,,,,,2973.0,2005.0,,,,,,,,,,,,,-1.0,-1.0,,,,,,
2026-04-11 21:43:43,176,2026-04-11T11:43:59.678Z,True,True,388674.0,2026-04-11 21:43:59.700,,,,,,,-1.0,-1.0,,,,,,,,,,,,,2135.0,2029.0,,,,,,,,,,,,,1015.0,2074.0,,,,,,,,,,,,,0.0,1982.0,,,,,,,,,,,,,2168.0,2089.0,,,,,,,,,,,,,1469.0,1543.0,,,,,,,,,,,,,-1.0,-1.0,,,,,,,131536.0,2026-04-11 21:43:59.702,,,,,,,-1.0,-1.0,,,,,,,,,,,,,3189.0,3964.0,,,,,,,,,,,,,3963.0,3593.0,,,,,,,,,,,,,2845.0,3068.0,,,,,,,,,,,,,3108.0,3188.0,,,,,,,,,,,,,2957.0,1991.0,,,,,,,,,,,,,-1.0,-1.0,,,,,,
2026-04-11 21:43:43,177,2026-04-11T11:43:59.729Z,True,True,388724.0,2026-04-11 21:43:59.787,,,,,,,-1.0,-1.0,,,,,,,,,,,,,2132.0,2029.0,,,,,,,,,,,,,1016.0,2069.0,,,,,,,,,,,,,0.0,1980.0,,,,,,,,,,,,,2169.0,2088.0,,,,,,,,,,,,,1468.0,1543.0,,,,,,,,,,,,,-1.0,-1.0,,,,,,,131586.0,2026-04-11 21:43:59.785,,,,,,,-1.0,-1.0,,,,,,,,,,,,,3188.0,3967.0,,,,,,,,,,,,,3967.0,3546.0,,,,,,,,,,,,,2718.0,3059.0,,,,,,,,,,,,,3078.0,3180.0,,,,,,,,,,,,,2955.0,1989.0,,,,,,,,,,,,,-1.0,-1.0,,,,,,
2026-04-11 21:43:43,178,2026-04-11T11:43:59.779Z,True,True,388776.0,2026-04-11 21:43:59.801,,,,,,,-1.0,-1.0,,,,,,,,,,,,,2132.0,2027.0,,,,,,,,,,,,,1015.0,2075.0,,,,,,,,,,,,,0.0,1982.0,,,,,,,,,,,,,2167.0,2083.0,,,,,,,,,,,,,1471.0,1553.0,,,,,,,,,,,,,-1.0,-1.0,,,,,,,131636.0,2026-04-11 21:43:59.800,,,,,,,-1.0,-1.0,,,,,,,,,,,,,3177.0,3959.0,,,,,,,,,,,,,4013.0,3691.0,,,,,,,,,,,,,2477.0,3043.0,,,,,,,,,,,,,3081.0,3149.0,,,,,,,,,,,,,2935.0,1990.0,,,,,,,,,,,,,-1.0,-1.0,,,,,,
2026-04-11 21:43:43,179,2026-04-11T11:43:59.830Z,True,True,388827.0,2026-04-11 21:43:59.888,,,,,,,-1.0,-1.0,,,,,,,,,,,,,2134.0,2027.0,,,,,,,,,,,,,1016.0,2071.0,,,,,,,,,,,,,0.0,1982.0,,,,,,,,,,,,,2169.0,2083.0,,,,,,,,,,,,,1469.0,1549.0,,,,,,,,,,,,,-1.0,-1.0,,,,,,,131687.0,2026-04-11 21:43:59.886,,,,,,,-1.0,-1.0,,,,,,,,,,,,,3145.0,3964.0,,,,,,,,,,,,,3965.0,3545.0,,,,,,,,,,,,,2712.0,2995.0,,,,,,,,,,,,,3032.0,3120.0,,,,,,,,,,,,,2904.0,1992.0,,,,,,,,,,,,,-1.0,-1.0,,,,,,
2026-04-11 21:43:43,180,2026-04-11T11:43:59.880Z,True,True,388876.0,2026-04-11 21:43:59.907,,,,,,,-1.0,-1.0,,,,,,,,,,,,,2134.0,2024.0,,,,,,,,,,,,,1015.0,2071.0,,,,,,,,,,,,,0.0,1981.0,,,,,,,,,,,,,2169.0,2067.0,,,,,,,,,,,,,1491.0,1563.0,,,,,,,,,,,,,-1.0,-1.0,,,,,,,131737.0,2026-04-11 21:43:59.904,,,,,,,-1.0,-1.0,,,,,,,,,,,,,3175.0,3979.0,,,,,,,,,,,,,3993.0,3595.0,,,,,,,,,,,,,2478.0,3041.0,,,,,,,,,,,,,3077.0,3152.0,,,,,,,,,,,,,2936.0,1995.0,,,,,,,,,,,,,-1.0,-1.0,,,,,,
2026-04-11 21:43:43,181,2026-04-11T11:43:59.931Z,True,True,388926.0,2026-04-11 21:43:59.989,,,,,,,-1.0,-1.0,,,,,,,,,,,,,2133.0,2029.0,,,,,,,,,,,,,1017.0,2074.0,,,,,,,,,,,,,0.0,1983.0,,,,,,,,,,,,,2169.0,2072.0,,,,,,,,,,,,,1481.0,1555.0,,,,,,,,,,,,,-1.0,-1.0,,,,,,,131789.0,2026-04-11 21:43:59.988,,,,,,,-1.0,-1.0,,,,,,,,,,,,,3177.0,3960.0,,,,,,,,,,,,,3847.0,3543.0,,,,,,,,,,,,,2725.0,3017.0,,,,,,,,,,,,,3047.0,3129.0,,,,,,,,,,,,,2917.0,1991.0,,,,,,,,,,,,,-1.0,-1.0,,,,,,
2026-04-11 21:43:43,182,2026-04-11T11:43:59.982Z,True,True,388978.0,2026-04-11 21:44:00.005,,,,,,,-1.0,-1.0,,,,,,,,,,,,,2131.0,2025.0,,,,,,,,,,,,,1016.0,2073.0,,,,,,,,,,,,,0.0,1983.0,,,,,,,,,,,,,2168.0,2079.0,,,,,,,,,,,,,1476.0,1555.0,,,,,,,,,,,,,-1.0,-1.0,,,,,,,131839.0,2026-04-11 21:44:00.005,,,,,,,-1.0,-1.0,,,,,,,,,,,,,3187.0,3963.0,,,,,,,,,,,,,3965.0,3518.0,,,,,,,,,,,,,2835.0,3079.0,,,,,,,,,,,,,3113.0,3192.0,,,,,,,,,,,,,2964.0,1995.0,,,,,,,,,,,,,-1.0,-1.0,,,,,,
2026-04-11 21:43:43,183,2026-04-11T11:44:00.032Z,True,True,389026.0,2026-04-11 21:44:00.091,,,,,,,-1.0,-1.0,,,,,,,,,,,,,2130.0,2027.0,,,,,,,,,,,,,1017.0,2076.0,,,,,,,,,,,,,0.0,1983.0,,,,,,,,,,,,,2169.0,2079.0,,,,,,,,,,,,,1471.0,1551.0,,,,,,,,,,,,,-1.0,-1.0,,,,,,,131889.0,2026-04-11 21:44:00.090,,,,,,,-1.0,-1.0,,,,,,,,,,,,,3181.0,3973.0,,,,,,,,,,,,,3963.0,3547.0,,,,,,,,,,,,,2699.0,3081.0,,,,,,,,,,,,,3111.0,3193.0,,,,,,,,,,,,,2967.0,1991.0,,,,,,,,,,,,,-1.0,-1.0,,,,,,
2026-04-11 21:43:43,184,2026-04-11T11:44:00.082Z,True,True,389077.0,2026-04-11 21:44:00.104,,,,,,,-1.0,-1.0,,,,,,,,,,,,,2136.0,2031.0,,,,,,,,,,,,,1013.0,2077.0,,,,,,,,,,,,,0.0,1983.0,,,,,,,,,,,,,2171.0,2073.0,,,,,,,,,,,,,1485.0,1558.0,,,,,,,,,,,,,-1.0,-1.0,,,,,,,131940.0,2026-04-11 21:44:00.107,,,,,,,-1.0,-1.0,,,,,,,,,,,,,3170.0,4014.0,,,,,,,,,,,,,4015.0,3695.0,,,,,,,,,,,,,2036.0,3059.0,,,,,,,,,,,,,3119.0,3157.0,,,,,,,,,,,,,2891.0,1991.0,,,,,,,,,,,,,-1.0,-1.0,,,,,,
2026-04-11 21:43:43,185,2026-04-11T11:44:00.133Z,True,True,389128.0,2026-04-11 21:44:00.189,,,,,,,-1.0,-1.0,,,,,,,,,,,,,2136.0,2029.0,,,,,,,,,,,,,1016.0,2075.0,,,,,,,,,,,,,0.0,1981.0,,,,,,,,,,,,,2168.0,2069.0,,,,,,,,,,,,,1496.0,1563.0,,,,,,,,,,,,,-1.0,-1.0,,,,,,,131994.0,2026-04-11 21:44:00.189,,,,,,,-1.0,-1.0,,,,,,,,,,,,,3159.0,4003.0,,,,,,,,,,,,,3911.0,3550.0,,,,,,,,,,,,,2683.0,2999.0,,,,,,,,,,,,,3031.0,3103.0,,,,,,,,,,,,,2895.0,1991.0,,,,,,,,,,,,,-1.0,-1.0,,,,,,
2026-04-11 21:43:43,186,2026-04-11T11:44:00.184Z,True,True,389178.0,2026-04-11 21:44:00.207,,,,,,,-1.0,-1.0,,,,,,,,,,,,,2132.0,2029.0,,,,,,,,,,,,,1015.0,2073.0,,,,,,,,,,,,,0.0,1983.0,,,,,,,,,,,,,2167.0,2083.0,,,,,,,,,,,,,1470.0,1547.0,,,,,,,,,,,,,-1.0,-1.0,,,,,,,132041.0,2026-04-11 21:44:00.209,,,,,,,-1.0,-1.0,,,,,,,,,,,,,3164.0,3975.0,,,,,,,,,,,,,3976.0,3551.0,,,,,,,,,,,,,2675.0,3044.0,,,,,,,,,,,,,3080.0,3164.0,,,,,,,,,,,,,2937.0,1993.0,,,,,,,,,,,,,-1.0,-1.0,,,,,,
2026-04-11 21:43:43,187,2026-04-11T11:44:00.234Z,True,True,389230.0,2026-04-11 21:44:00.292,,,,,,,-1.0,-1.0,,,,,,,,,,,,,2135.0,2028.0,,,,,,,,,,,,,1017.0,2072.0,,,,,,,,,,,,,0.0,1984.0,,,,,,,,,,,,,2169.0,2094.0,,,,,,,,,,,,,1463.0,1544.0,,,,,,,,,,,,,-1.0,-1.0,,,,,,,132091.0,2026-04-11 21:44:00.292,,,,,,,-1.0,-1.0,,,,,,,,,,,,,3176.0,3980.0,,,,,,,,,,,,,3976.0,3554.0,,,,,,,,,,,,,2659.0,3017.0,,,,,,,,,,,,,3047.0,3112.0,,,,,,,,,,,,,2898.0,1992.0,,,,,,,,,,,,,-1.0,-1.0,,,,,,
2026-04-11 21:43:43,188,2026-04-11T11:44:00.285Z,True,True,389280.0,2026-04-11 21:44:00.309,,,,,,,-1.0,-1.0,,,,,,,,,,,,,2132.0,2028.0,,,,,,,,,,,,,1019.0,2077.0,,,,,,,,,,,,,0.0,1983.0,,,,,,,,,,,,,2169.0,2104.0,,,,,,,,,,,,,1459.0,1531.0,,,,,,,,,,,,,-1.0,-1.0,,,,,,,132143.0,2026-04-11 21:44:00.308,,,,,,,-1.0,-1.0,,,,,,,,,,,,,3181.0,3975.0,,,,,,,,,,,,,3975.0,3544.0,,,,,,,,,,,,,2741.0,3019.0,,,,,,,,,,,,,3047.0,3125.0,,,,,,,,,,,,,2907.0,1995.0,,,,,,,,,,,,,-1.0,-1.0,,,,,,
2026-04-11 21:43:43,189,2026-04-11T11:44:00.336Z,True,True,389331.0,2026-04-11 21:44:00.393,,,,,,,-1.0,-1.0,,,,,,,,,,,,,2134.0,2031.0,,,,,,,,,,,,,1019.0,2075.0,,,,,,,,,,,,,0.0,1983.0,,,,,,,,,,,,,2168.0,2104.0,,,,,,,,,,,,,1461.0,1527.0,,,,,,,,,,,,,-1.0,-1.0,,,,,,,132194.0,2026-04-11 21:44:00.393,,,,,,,-1.0,-1.0,,,,,,,,,,,,,3133.0,3999.0,,,,,,,,,,,,,3968.0,3541.0,,,,,,,,,,,,,2765.0,3036.0,,,,,,,,,,,,,3083.0,3155.0,,,,,,,,,,,,,2936.0,1992.0,,,,,,,,,,,,,-1.0,-1.0,,,,,,
2026-04-11 21:43:43,190,2026-04-11T11:44:00.386Z,True,True,389381.0,2026-04-11 21:44:00.411,,,,,,,-1.0,-1.0,,,,,,,,,,,,,2135.0,2031.0,,,,,,,,,,,,,1015.0,2075.0,,,,,,,,,,,,,0.0,1989.0,,,,,,,,,,,,,2170.0,2119.0,,,,,,,,,,,,,1451.0,1524.0,,,,,,,,,,,,,-1.0,-1.0,,,,,,,132243.0,2026-04-11 21:44:00.414,,,,,,,-1.0,-1.0,,,,,,,,,,,,,3140.0,3933.0,,,,,,,,,,,,,3975.0,3534.0,,,,,,,,,,,,,2750.0,3037.0,,,,,,,,,,,,,3071.0,3153.0,,,,,,,,,,,,,2937.0,1983.0,,,,,,,,,,,,,-1.0,-1.0,,,,,,
2026-04-11 21:43:43,191,2026-04-11T11:44:00.437Z,True,True,389433.0,2026-04-11 21:44:00.494,,,,,,,-1.0,-1.0,,,,,,,,,,,,,2137.0,2029.0,,,,,,,,,,,,,1017.0,2078.0,,,,,,,,,,,,,0.0,1984.0,,,,,,,,,,,,,2168.0,2084.0,,,,,,,,,,,,,1482.0,1553.0,,,,,,,,,,,,,-1.0,-1.0,,,,,,,132296.0,2026-04-11 21:44:00.493,,,,,,,-1.0,-1.0,,,,,,,,,,,,,3166.0,3959.0,,,,,,,,,,,,,3964.0,3525.0,,,,,,,,,,,,,2841.0,2963.0,,,,,,,,,,,,,2990.0,3052.0,,,,,,,,,,,,,2879.0,1991.0,,,,,,,,,,,,,-1.0,-1.0,,,,,,
2026-04-11 21:43:43,192,2026-04-11T11:44:00.487Z,True,True,389482.0,2026-04-11 21:44:00.508,,,,,,,-1.0,-1.0,,,,,,,,,,,,,2129.0,2028.0,,,,,,,,,,,,,1013.0,2077.0,,,,,,,,,,,,,0.0,1989.0,,,,,,,,,,,,,2169.0,2077.0,,,,,,,,,,,,,1477.0,1548.0,,,,,,,,,,,,,-1.0,-1.0,,,,,,,132344.0,2026-04-11 21:44:00.510,,,,,,,-1.0,-1.0,,,,,,,,,,,,,3145.0,3981.0,,,,,,,,,,,,,3989.0,3625.0,,,,,,,,,,,,,2455.0,3043.0,,,,,,,,,,,,,3063.0,3147.0,,,,,,,,,,,,,2928.0,1983.0,,,,,,,,,,,,,-1.0,-1.0,,,,,,
2026-04-11 21:43:43,193,2026-04-11T11:44:00.537Z,True,True,389534.0,2026-04-11 21:44:00.610,,,,,,,-1.0,-1.0,,,,,,,,,,,,,2136.0,2027.0,,,,,,,,,,,,,1019.0,2077.0,,,,,,,,,,,,,0.0,1983.0,,,,,,,,,,,,,2169.0,2091.0,,,,,,,,,,,,,1464.0,1545.0,,,,,,,,,,,,,-1.0,-1.0,,,,,,,132395.0,2026-04-11 21:44:00.606,,,,,,,-1.0,-1.0,,,,,,,,,,,,,3163.0,3987.0,,,,,,,,,,,,,3987.0,3693.0,,,,,,,,,,,,,2475.0,3048.0,,,,,,,,,,,,,3083.0,3183.0,,,,,,,,,,,,,2941.0,1993.0,,,,,,,,,,,,,-1.0,-1.0,,,,,,
2026-04-11 21:43:43,194,2026-04-11T11:44:00.588Z,True,True,389599.0,2026-04-11 21:44:00.635,,,,,,,-1.0,-1.0,,,,,,,,,,,,,2137.0,2029.0,,,,,,,,,,,,,1017.0,2075.0,,,,,,,,,,,,,0.0,1984.0,,,,,,,,,,,,,2170.0,2095.0,,,,,,,,,,,,,1461.0,1542.0,,,,,,,,,,,,,-1.0,-1.0,,,,,,,132449.0,2026-04-11 21:44:00.616,,,,,,,-1.0,-1.0,,,,,,,,,,,,,3166.0,3967.0,,,,,,,,,,,,,3966.0,3548.0,,,,,,,,,,,,,2713.0,2908.0,,,,,,,,,,,,,2923.0,2997.0,,,,,,,,,,,,,2825.0,1982.0,,,,,,,,,,,,,-1.0,-1.0,,,,,,
2026-04-11 21:43:43,195,2026-04-11T11:44:00.639Z,True,True,389638.0,2026-04-11 21:44:00.697,,,,,,,-1.0,-1.0,,,,,,,,,,,,,2135.0,2030.0,,,,,,,,,,,,,1017.0,2073.0,,,,,,,,,,,,,0.0,1989.0,,,,,,,,,,,,,2168.0,2087.0,,,,,,,,,,,,,1465.0,1543.0,,,,,,,,,,,,,-1.0,-1.0,,,,,,,132499.0,2026-04-11 21:44:00.698,,,,,,,-1.0,-1.0,,,,,,,,,,,,,3160.0,3975.0,,,,,,,,,,,,,4015.0,3544.0,,,,,,,,,,,,,2739.0,2875.0,,,,,,,,,,,,,2938.0,3005.0,,,,,,,,,,,,,2825.0,1997.0,,,,,,,,,,,,,-1.0,-1.0,,,,,,
2026-04-11 21:43:43,196,2026-04-11T11:44:00.689Z,True,True,389685.0,2026-04-11 21:44:00.724,,,,,,,-1.0,-1.0,,,,,,,,,,,,,2134.0,2028.0,,,,,,,,,,,,,1019.0,2079.0,,,,,,,,,,,,,0.0,1990.0,,,,,,,,,,,,,2171.0,2103.0,,,,,,,,,,,,,1459.0,1525.0,,,,,,,,,,,,,-1.0,-1.0,,,,,,,132547.0,2026-04-11 21:44:00.724,,,,,,,-1.0,-1.0,,,,,,,,,,,,,3150.0,3974.0,,,,,,,,,,,,,3977.0,3541.0,,,,,,,,,,,,,2739.0,2899.0,,,,,,,,,,,,,2923.0,2987.0,,,,,,,,,,,,,2793.0,2001.0,,,,,,,,,,,,,-1.0,-1.0,,,,,,
2026-04-11 21:43:43,197,2026-04-11T11:44:00.739Z,True,True,389736.0,2026-04-11 21:44:00.800,,,,,,,-1.0,-1.0,,,,,,,,,,,,,2135.0,2027.0,,,,,,,,,,,,,1021.0,2079.0,,,,,,,,,,,,,0.0,1993.0,,,,,,,,,,,,,2171.0,2101.0,,,,,,,,,,,,,1469.0,1547.0,,,,,,,,,,,,,-1.0,-1.0,,,,,,,132597.0,2026-04-11 21:44:00.800,,,,,,,-1.0,-1.0,,,,,,,,,,,,,3155.0,3956.0,,,,,,,,,,,,,3975.0,3548.0,,,,,,,,,,,,,2057.0,2807.0,,,,,,,,,,,,,2835.0,2887.0,,,,,,,,,,,,,2702.0,2002.0,,,,,,,,,,,,,-1.0,-1.0,,,,,,
2026-04-11 21:43:43,198,2026-04-11T11:44:00.790Z,True,True,389787.0,2026-04-11 21:44:00.848,,,,,,,-1.0,-1.0,,,,,,,,,,,,,2137.0,2024.0,,,,,,,,,,,,,1019.0,2087.0,,,,,,,,,,,,,0.0,1997.0,,,,,,,,,,,,,2175.0,2091.0,,,,,,,,,,,,,1486.0,1562.0,,,,,,,,,,,,,-1.0,-1.0,,,,,,,132648.0,2026-04-11 21:44:00.847,,,,,,,-1.0,-1.0,,,,,,,,,,,,,3181.0,4008.0,,,,,,,,,,,,,3975.0,3562.0,,,,,,,,,,,,,2669.0,2778.0,,,,,,,,,,,,,2775.0,2827.0,,,,,,,,,,,,,2707.0,2005.0,,,,,,,,,,,,,-1.0,-1.0,,,,,,
2026-04-11 21:43:43,199,2026-04-11T11:44:00.841Z,False,False,,,,,,,,,,,,,,,,,,,,,,,,,,,,,,,,,,,,,,,,,,,,,,,,,,,,,,,,,,,,,,,,,,,,,,,,,,,,,,,,,,,,,,,,,,,,,,,,,,,,,,,,,,,,,,,,,,,,,,,,,,,,,,,,,,,,,,,,,,,,,,,,,,,,,,,,,,,,,,,,,,,,,,,,,,,,,,,,,,,,,,,,,,,,,,,,,,,,,,,,
2026-04-11 21:43:43,200,2026-04-11T11:44:00.891Z,False,False,,,,,,,,,,,,,,,,,,,,,,,,,,,,,,,,,,,,,,,,,,,,,,,,,,,,,,,,,,,,,,,,,,,,,,,,,,,,,,,,,,,,,,,,,,,,,,,,,,,,,,,,,,,,,,,,,,,,,,,,,,,,,,,,,,,,,,,,,,,,,,,,,,,,,,,,,,,,,,,,,,,,,,,,,,,,,,,,,,,,,,,,,,,,,,,,,,,,,,,,
2026-04-11 21:43:43,201,2026-04-11T11:44:00.941Z,False,False,,,,,,,,,,,,,,,,,,,,,,,,,,,,,,,,,,,,,,,,,,,,,,,,,,,,,,,,,,,,,,,,,,,,,,,,,,,,,,,,,,,,,,,,,,,,,,,,,,,,,,,,,,,,,,,,,,,,,,,,,,,,,,,,,,,,,,,,,,,,,,,,,,,,,,,,,,,,,,,,,,,,,,,,,,,,,,,,,,,,,,,,,,,,,,,,,,,,,,,,
2026-04-11 21:43:43,202,2026-04-11T11:44:00.992Z,False,False,,,,,,,,,,,,,,,,,,,,,,,,,,,,,,,,,,,,,,,,,,,,,,,,,,,,,,,,,,,,,,,,,,,,,,,,,,,,,,,,,,,,,,,,,,,,,,,,,,,,,,,,,,,,,,,,,,,,,,,,,,,,,,,,,,,,,,,,,,,,,,,,,,,,,,,,,,,,,,,,,,,,,,,,,,,,,,,,,,,,,,,,,,,,,,,,,,,,,,,,
